Date,Open,High,Low,Close
10/19/23, 0.010434, 0.010434, 0.010434, 0.010434
10/18/23, 0.010201, 0.010342, 0.010193, 0.010193
10/17/23, 0.010264, 0.010323, 0.010188, 0.010201
10/16/23, 0.010235, 0.015970, 0.010194, 0.010264
10/13/23, 0.010233, 0.010416, 0.010213, 0.010235
10/12/23, 0.009950, 0.010488, 0.009950, 0.010233
10/11/23, 0.009970, 0.010230, 0.009931, 0.010099
10/10/23, 0.010050, 0.010137, 0.009921, 0.009970
10/09/23, 0.009901, 0.010111, 0.009705, 0.010025
10/06/23, 0.009988, 0.010249, 0.009804, 0.009901
10/05/23, 0.010020, 0.018288, 0.009978, 0.009988
10/04/23, 0.010083, 0.010185, 0.009901, 0.009965
10/03/23, 0.010121, 0.010235, 0.009970, 0.010083
10/02/23, 0.010204, 0.010343, 0.010040, 0.010121
09/29/23, 0.010390, 0.010456, 0.010203, 0.010204
09/28/23, 0.010301, 0.010413, 0.010270, 0.010347
09/27/23, 0.010352, 0.010599, 0.010301, 0.010301
09/26/23, 0.010536, 0.010544, 0.010235, 0.010309
09/25/23, 0.010536, 0.010536, 0.010536, 0.010536
09/22/23, 0.010504, 0.010504, 0.010357, 0.010384
09/21/23, 0.010414, 0.010571, 0.010338, 0.010406
09/20/23, 0.010417, 0.010465, 0.010288, 0.010414
09/19/23, 0.010422, 0.010548, 0.010230, 0.010417
09/18/23, 0.010331, 0.010463, 0.010241, 0.010379
09/15/23, 0.010390, 0.010515, 0.010283, 0.010331
09/14/23, 0.010395, 0.010524, 0.010303, 0.010443
09/13/23, 0.010417, 0.010788, 0.010280, 0.010384
09/12/23, 0.010521, 0.010810, 0.010417, 0.010417
09/11/23, 0.010230, 0.010521, 0.010230, 0.010521
09/08/23, 0.010152, 0.010333, 0.010124, 0.010212
09/07/23, 0.010163, 0.010323, 0.010126, 0.010152
09/06/23, 0.010334, 0.010334, 0.010152, 0.010163
09/05/23, 0.010323, 0.010390, 0.010187, 0.010315
09/04/23, 0.010373, 0.010447, 0.010301, 0.010323
09/01/23, 0.010430, 0.010508, 0.010339, 0.010373
08/31/23, 0.010400, 0.010493, 0.010331, 0.010430
08/30/23, 0.010479, 0.010484, 0.010303, 0.010400
08/29/23, 0.010582, 0.010717, 0.010360, 0.010479
08/28/23, 0.010526, 0.010638, 0.010400, 0.010582
08/25/23, 0.010582, 0.010677, 0.010450, 0.010526
08/24/23, 0.010638, 0.010853, 0.010513, 0.010554
08/23/23, 0.010582, 0.010707, 0.010526, 0.010638
08/22/23, 0.010695, 0.010764, 0.010526, 0.010554
08/21/23, 0.010627, 0.010789, 0.010535, 0.010695
08/18/23, 0.010582, 0.010881, 0.010417, 0.010627
08/17/23, 0.010272, 0.010929, 0.010272, 0.010582
08/16/23, 0.010101, 0.010731, 0.010101, 0.010582
08/15/23, 0.010101, 0.010101, 0.010101, 0.010101
08/14/23, 0.010001, 0.010309, 0.009768, 0.010309
08/11/23, 0.010274, 0.010364, 0.010001, 0.010001
08/10/23, 0.010323, 0.010448, 0.010204, 0.010274
08/09/23, 0.010288, 0.010447, 0.010164, 0.010323
08/08/23, 0.010458, 0.010576, 0.010236, 0.010288
08/07/23, 0.010430, 0.010524, 0.010271, 0.010458
08/04/23, 0.010582, 0.010987, 0.010266, 0.010430
08/03/23, 0.010603, 0.010817, 0.010363, 0.010582
08/02/23, 0.010821, 0.010971, 0.010588, 0.010603
08/01/23, 0.010937, 0.011038, 0.010821, 0.010821
07/31/23, 0.010862, 0.011060, 0.010809, 0.010937
07/28/23, 0.011025, 0.011198, 0.010837, 0.010862
07/27/23, 0.011111, 0.011257, 0.011013, 0.011025
07/26/23, 0.011080, 0.011249, 0.011061, 0.011111
07/25/23, 0.011056, 0.011250, 0.011034, 0.011035
07/24/23, 0.010989, 0.011259, 0.010982, 0.011056
07/21/23, 0.011062, 0.011188, 0.010977, 0.010989
07/20/23, 0.010902, 0.011095, 0.010875, 0.010965
07/19/23, 0.011019, 0.011083, 0.010902, 0.010902
07/18/23, 0.011068, 0.011191, 0.010933, 0.011019
07/17/23, 0.011080, 0.011145, 0.011002, 0.011095
07/14/23, 0.011095, 0.011163, 0.011037, 0.011080
07/13/23, 0.011050, 0.011179, 0.010937, 0.011095
07/12/23, 0.011050, 0.011179, 0.010991, 0.011050
07/11/23, 0.010977, 0.011144, 0.010977, 0.011080
07/10/23, 0.010977, 0.010977, 0.010977, 0.010977
07/07/23, 0.010959, 0.011111, 0.010822, 0.010958
07/06/23, 0.011013, 0.011113, 0.010574, 0.010959
07/05/23, 0.010989, 0.011265, 0.010958, 0.011062
07/04/23, 0.011173, 0.011358, 0.010989, 0.010989
07/03/23, 0.011258, 0.011370, 0.011112, 0.011173
06/30/23, 0.011513, 0.011513, 0.011136, 0.011258
06/29/23, 0.011643, 0.011903, 0.011396, 0.011513
06/28/23, 0.011699, 0.011793, 0.011511, 0.011643
06/27/23, 0.011847, 0.011847, 0.011660, 0.011699
06/26/23, 0.011955, 0.011962, 0.011493, 0.011847
06/23/23, 0.012348, 0.012348, 0.011696, 0.011955
06/22/23, 0.011955, 0.012348, 0.011876, 0.012348
06/21/23, 0.011926, 0.011978, 0.011714, 0.011859
06/20/23, 0.011926, 0.012049, 0.011771, 0.011800
06/19/23, 0.011923, 0.012047, 0.011817, 0.011926
06/16/23, 0.011979, 0.012015, 0.011885, 0.011923
06/15/23, 0.011905, 0.012063, 0.011819, 0.011979
06/14/23, 0.011912, 0.012173, 0.011693, 0.011905
06/13/23, 0.011922, 0.012134, 0.011854, 0.011873
06/12/23, 0.012088, 0.012194, 0.011922, 0.011922
06/09/23, 0.012194, 0.012268, 0.012037, 0.012088
06/08/23, 0.012262, 0.012458, 0.012070, 0.012194
06/07/23, 0.012293, 0.012448, 0.012195, 0.012195
06/06/23, 0.012376, 0.012553, 0.012239, 0.012252
06/05/23, 0.012376, 0.012480, 0.012173, 0.012376
06/02/23, 0.012346, 0.012441, 0.012269, 0.012376
06/01/23, 0.012262, 0.012484, 0.012262, 0.012346
05/31/23, 0.012556, 0.012577, 0.012251, 0.012262
05/30/23, 0.012461, 0.013301, 0.012250, 0.012556
05/29/23, 0.012658, 0.012669, 0.012162, 0.012409
05/26/23, 0.012496, 0.012658, 0.012373, 0.012658
05/25/23, 0.012467, 0.012656, 0.012418, 0.012496
05/24/23, 0.012475, 0.012684, 0.012405, 0.012406
05/23/23, 0.012422, 0.012587, 0.012381, 0.012475
05/22/23, 0.012484, 0.012656, 0.012422, 0.012422
05/19/23, 0.012438, 0.012648, 0.012296, 0.012484
05/18/23, 0.012453, 0.012581, 0.012424, 0.012438
05/17/23, 0.012424, 0.012519, 0.012302, 0.012453
05/16/23, 0.012535, 0.012665, 0.012372, 0.012385
05/15/23, 0.012873, 0.012873, 0.012516, 0.012535
05/12/23, 0.012987, 0.013122, 0.012768, 0.012873
05/11/23, 0.013139, 0.013324, 0.012825, 0.012987
05/10/23, 0.012870, 0.013187, 0.012756, 0.013139
05/09/23, 0.012866, 0.012937, 0.012728, 0.012870
05/08/23, 0.012851, 0.013072, 0.012744, 0.012866
05/05/23, 0.012739, 0.013124, 0.012727, 0.012851
05/04/23, 0.012579, 0.012905, 0.012578, 0.012739
05/03/23, 0.012483, 0.012780, 0.012483, 0.012780
05/02/23, 0.012392, 0.012618, 0.012392, 0.012483
05/01/23, 0.012430, 0.012678, 0.012392, 0.012392
04/28/23, 0.012217, 0.012674, 0.012217, 0.012504
04/27/23, 0.012225, 0.012309, 0.012169, 0.012255
04/26/23, 0.012240, 0.012288, 0.011993, 0.012176
04/25/23, 0.012271, 0.012369, 0.012199, 0.012368
04/24/23, 0.012277, 0.012375, 0.011833, 0.012277
04/21/23, 0.012225, 0.012327, 0.012134, 0.012277
04/20/23, 0.012240, 0.012342, 0.012190, 0.012262
04/19/23, 0.012225, 0.012345, 0.012183, 0.012240
04/18/23, 0.012188, 0.012350, 0.012156, 0.012220
04/17/23, 0.012262, 0.012314, 0.012105, 0.012210
04/14/23, 0.012240, 0.012318, 0.012154, 0.012154
04/13/23, 0.012162, 0.012321, 0.012138, 0.012228
04/12/23, 0.012330, 0.012330, 0.012094, 0.012149
04/11/23, 0.012246, 0.012330, 0.012090, 0.012330
04/10/23, 0.012330, 0.012344, 0.012103, 0.012246
04/07/23, 0.012315, 0.012330, 0.011996, 0.012330
04/06/23, 0.012469, 0.012553, 0.012221, 0.012251
04/05/23, 0.012610, 0.012625, 0.012413, 0.012469
04/04/23, 0.012715, 0.012715, 0.012461, 0.012610
04/03/23, 0.012821, 0.012979, 0.012675, 0.012767
03/31/23, 0.012941, 0.012994, 0.012394, 0.012821
03/30/23, 0.012932, 0.013138, 0.012924, 0.012941
03/29/23, 0.013062, 0.013062, 0.012895, 0.012941
03/28/23, 0.013066, 0.013138, 0.012945, 0.013062
03/27/23, 0.012940, 0.013245, 0.012940, 0.013066
03/24/23, 0.013158, 0.013295, 0.012937, 0.012940
03/23/23, 0.012980, 0.013192, 0.012974, 0.013158
03/22/23, 0.012945, 0.013037, 0.012903, 0.012979
03/21/23, 0.012945, 0.013042, 0.012903, 0.012945
03/20/23, 0.012994, 0.013072, 0.012868, 0.013051
03/17/23, 0.012895, 0.013140, 0.012851, 0.012994
03/16/23, 0.013064, 0.013193, 0.012882, 0.012895
03/15/23, 0.013201, 0.024845, 0.013063, 0.013063
03/14/23, 0.013236, 0.013332, 0.013156, 0.013201
03/13/23, 0.013123, 0.013611, 0.013123, 0.013236
03/10/23, 0.013184, 0.013252, 0.013082, 0.013123
03/09/23, 0.013149, 0.013227, 0.013062, 0.013184
03/08/23, 0.013228, 0.013228, 0.013060, 0.013149
03/07/23, 0.013232, 0.013439, 0.013154, 0.013189
03/06/23, 0.013263, 0.013306, 0.013181, 0.013232
03/03/23, 0.013241, 0.013356, 0.013210, 0.013263
03/02/23, 0.013286, 0.013350, 0.013183, 0.013245
03/01/23, 0.013324, 0.013383, 0.013241, 0.013286
02/28/23, 0.013346, 0.013511, 0.013252, 0.013324
02/27/23, 0.013155, 0.013427, 0.013095, 0.013346
02/24/23, 0.013206, 0.013351, 0.013058, 0.013155
02/23/23, 0.013256, 0.013352, 0.013185, 0.013206
02/22/23, 0.013346, 0.013478, 0.013204, 0.013256
02/21/23, 0.013559, 0.013699, 0.013208, 0.013346
02/20/23, 0.013559, 0.013559, 0.013559, 0.013559
02/17/23, 0.013384, 0.013578, 0.013267, 0.013578
02/16/23, 0.013514, 0.013514, 0.013298, 0.013384
02/15/23, 0.013587, 0.013643, 0.013219, 0.013423
02/14/23, 0.013661, 0.013722, 0.013459, 0.013587
02/13/23, 0.013678, 0.013790, 0.013450, 0.013495
02/10/23, 0.013688, 0.013818, 0.013499, 0.013549
02/09/23, 0.013793, 0.013974, 0.013606, 0.013688
02/08/23, 0.013767, 0.014482, 0.013582, 0.013651
02/07/23, 0.013984, 0.014190, 0.013617, 0.013930
02/06/23, 0.014154, 0.014213, 0.013810, 0.013984
02/03/23, 0.014272, 0.014286, 0.013874, 0.014154
02/02/23, 0.014253, 0.014441, 0.013322, 0.014272
02/01/23, 0.014167, 0.014482, 0.014132, 0.014309
01/31/23, 0.014303, 0.014482, 0.013617, 0.014482
01/30/23, 0.014139, 0.014436, 0.014139, 0.014303
01/27/23, 0.014354, 0.014486, 0.014139, 0.014139
01/26/23, 0.014445, 0.014532, 0.014334, 0.014354
01/25/23, 0.014399, 0.014574, 0.014368, 0.014445
01/24/23, 0.014497, 0.014584, 0.014311, 0.014399
01/23/23, 0.014652, 0.014652, 0.014384, 0.014497
01/20/23, 0.014535, 0.014826, 0.014409, 0.014652
01/19/23, 0.014523, 0.014589, 0.014306, 0.014409
01/18/23, 0.014599, 0.014630, 0.014362, 0.014455
01/17/23, 0.014599, 0.014638, 0.014393, 0.014546
01/16/23, 0.015152, 0.015152, 0.014490, 0.014545
01/13/23, 0.014753, 0.015152, 0.014434, 0.015152
01/12/23, 0.014641, 0.014850, 0.014225, 0.014753
01/11/23, 0.014446, 0.014656, 0.014262, 0.014460
01/10/23, 0.014545, 0.014545, 0.014303, 0.014351
01/09/23, 0.013793, 0.014482, 0.013793, 0.014303
01/06/23, 0.013860, 0.013983, 0.013680, 0.013793
01/05/23, 0.013793, 0.014082, 0.013699, 0.013769
01/04/23, 0.013689, 0.014283, 0.013624, 0.013746
01/03/23, 0.014085, 0.014286, 0.013643, 0.013822
01/02/23, 0.013559, 0.014085, 0.012739, 0.014085
12/30/22, 0.013514, 0.014242, 0.012903, 0.013559
12/29/22, 0.013746, 0.014012, 0.013423, 0.013514
12/28/22, 0.014286, 0.014286, 0.013675, 0.013746
12/27/22, 0.014627, 0.014638, 0.014110, 0.014286
12/26/22, 0.014235, 0.014703, 0.014184, 0.014627
12/23/22, 0.014652, 0.014813, 0.014184, 0.014467
12/22/22, 0.013652, 0.014669, 0.013652, 0.014652
12/21/22, 0.014235, 0.014532, 0.013774, 0.013807
12/20/22, 0.014733, 0.014878, 0.013960, 0.014235
12/19/22, 0.015414, 0.015561, 0.014420, 0.014599
12/16/22, 0.015468, 0.016435, 0.015291, 0.015414
12/15/22, 0.015444, 0.015873, 0.015267, 0.015468
12/14/22, 0.015819, 0.015893, 0.015385, 0.015444
12/13/22, 0.015810, 0.015966, 0.015642, 0.015819
12/12/22, 0.015996, 0.016111, 0.015796, 0.015905
12/09/22, 0.015773, 0.016111, 0.015773, 0.015996
12/08/22, 0.016129, 0.016515, 0.015760, 0.015773
12/07/22, 0.016515, 0.016515, 0.015235, 0.015748
12/06/22, 0.015981, 0.016515, 0.015699, 0.015773
12/05/22, 0.016000, 0.016515, 0.015911, 0.015981
12/02/22, 0.016336, 0.016515, 0.015936, 0.016000
12/01/22, 0.016260, 0.016515, 0.016032, 0.016336
11/30/22, 0.016260, 0.016535, 0.016254, 0.016260
11/29/22, 0.016168, 0.016495, 0.016168, 0.016437
11/28/22, 0.016168, 0.016168, 0.016168, 0.016168
11/25/22, 0.016566, 0.016629, 0.015361, 0.016529
11/24/22, 0.016447, 0.016739, 0.016385, 0.016566
11/23/22, 0.016484, 0.016582, 0.016399, 0.016447
11/22/22, 0.016327, 0.016631, 0.016260, 0.016484
11/21/22, 0.016434, 0.016566, 0.016273, 0.016327
11/18/22, 0.016536, 0.016639, 0.016336, 0.016434
11/17/22, 0.016584, 0.016709, 0.016383, 0.016536
11/16/22, 0.016529, 0.016658, 0.016221, 0.016451
11/15/22, 0.016529, 0.016529, 0.016529, 0.016529
11/14/22, 0.016515, 0.016787, 0.016293, 0.016293
11/11/22, 0.016377, 0.016671, 0.016377, 0.016454
11/10/22, 0.016221, 0.016527, 0.016090, 0.016377
11/09/22, 0.016370, 0.016502, 0.016155, 0.016393
11/08/22, 0.016287, 0.016611, 0.015823, 0.016400
11/07/22, 0.016129, 0.016638, 0.015414, 0.016207
11/04/22, 0.016038, 0.016194, 0.015989, 0.016129
11/03/22, 0.016393, 0.016393, 0.015920, 0.016038
11/02/22, 0.015779, 0.016393, 0.015779, 0.016393
11/01/22, 0.016116, 0.016574, 0.016064, 0.016194
10/31/22, 0.016254, 0.016393, 0.016019, 0.016116
10/28/22, 0.016307, 0.016307, 0.016002, 0.016254
10/27/22, 0.016320, 0.016360, 0.016102, 0.016307
10/26/22, 0.016129, 0.016320, 0.016064, 0.016320
10/25/22, 0.016129, 0.016327, 0.016000, 0.016260
10/24/22, 0.016129, 0.016129, 0.016129, 0.016129
10/21/22, 0.016221, 0.016373, 0.016129, 0.016221
10/20/22, 0.016393, 0.016393, 0.015072, 0.016221
10/19/22, 0.016260, 0.016393, 0.015873, 0.016129
10/18/22, 0.016116, 0.016260, 0.015971, 0.016260
10/17/22, 0.015962, 0.016294, 0.015895, 0.016116
10/14/22, 0.015625, 0.016260, 0.015456, 0.015962
10/13/22, 0.015692, 0.015867, 0.015094, 0.015748
10/12/22, 0.015267, 0.015873, 0.015058, 0.015692
10/11/22, 0.015672, 0.016129, 0.015267, 0.015267
10/10/22, 0.016207, 0.016333, 0.015633, 0.015672
10/07/22, 0.016522, 0.016522, 0.015777, 0.016038
10/06/22, 0.016461, 0.016985, 0.016013, 0.016522
10/05/22, 0.016942, 0.017234, 0.016287, 0.016461
10/04/22, 0.017234, 0.017234, 0.016523, 0.016942
10/03/22, 0.016611, 0.017475, 0.016146, 0.017234
09/30/22, 0.017391, 0.017691, 0.016194, 0.016611
09/29/22, 0.017271, 0.017475, 0.016596, 0.017391
09/28/22, 0.016978, 0.017354, 0.016855, 0.017109
09/27/22, 0.017094, 0.017294, 0.016529, 0.016978
09/26/22, 0.017279, 0.017467, 0.016985, 0.017094
09/23/22, 0.016694, 0.017723, 0.016260, 0.017279
09/22/22, 0.016367, 0.016878, 0.016234, 0.016821
09/21/22, 0.016287, 0.016563, 0.015528, 0.016367
09/20/22, 0.016646, 0.016702, 0.016097, 0.016287
09/19/22, 0.016529, 0.016660, 0.015535, 0.016646
09/16/22, 0.016771, 0.016771, 0.015535, 0.016529
09/15/22, 0.016743, 0.016786, 0.015535, 0.016771
09/14/22, 0.016807, 0.016852, 0.015444, 0.016743
09/13/22, 0.016495, 0.016821, 0.015616, 0.016736
09/12/22, 0.016260, 0.016653, 0.016072, 0.016495
09/09/22, 0.016260, 0.016671, 0.016260, 0.016260
09/08/22, 0.016447, 0.016512, 0.015528, 0.016393
09/07/22, 0.016320, 0.016611, 0.015528, 0.016353
09/06/22, 0.016391, 0.016481, 0.015877, 0.016260
09/05/22, 0.016591, 0.016874, 0.015902, 0.016259
09/02/22, 0.016518, 0.016667, 0.016227, 0.016591
09/01/22, 0.016529, 0.016949, 0.016393, 0.016518
08/31/22, 0.016667, 0.016771, 0.016355, 0.016393
08/30/22, 0.016194, 0.016667, 0.016129, 0.016667
08/29/22, 0.016584, 0.016584, 0.015439, 0.016194
08/26/22, 0.015607, 0.016757, 0.015607, 0.016584
08/25/22, 0.016715, 0.016807, 0.016348, 0.016563
08/24/22, 0.015625, 0.016734, 0.015625, 0.016715
08/23/22, 0.016632, 0.016892, 0.016514, 0.016598
08/22/22, 0.016807, 0.016956, 0.016563, 0.016632
08/19/22, 0.016667, 0.017063, 0.016667, 0.016807
08/18/22, 0.016529, 0.016828, 0.016376, 0.016667
08/17/22, 0.016260, 0.016886, 0.016202, 0.016529
08/16/22, 0.016260, 0.016260, 0.016260, 0.016260
08/15/22, 0.016064, 0.016495, 0.016064, 0.016260
08/12/22, 0.016495, 0.016667, 0.016027, 0.016064
08/11/22, 0.016227, 0.016604, 0.016194, 0.016495
08/10/22, 0.016129, 0.016604, 0.016129, 0.016227
08/09/22, 0.016162, 0.016660, 0.015838, 0.016536
08/08/22, 0.016522, 0.016892, 0.016078, 0.016162
08/05/22, 0.016260, 0.016632, 0.016168, 0.016522
08/04/22, 0.016327, 0.016688, 0.015944, 0.016260
08/03/22, 0.016461, 0.016786, 0.016129, 0.016327
08/02/22, 0.015873, 0.016811, 0.015444, 0.016461
08/01/22, 0.016064, 0.016520, 0.015564, 0.015873
07/29/22, 0.016000, 0.016536, 0.015613, 0.016064
07/28/22, 0.016842, 0.016871, 0.015936, 0.016129
07/27/22, 0.016632, 0.016842, 0.016188, 0.016842
07/26/22, 0.017094, 0.017544, 0.016367, 0.016632
07/25/22, 0.017204, 0.017544, 0.016880, 0.017094
07/22/22, 0.016807, 0.017817, 0.016807, 0.017204
07/21/22, 0.018182, 0.018240, 0.017000, 0.017544
07/20/22, 0.017699, 0.018349, 0.017544, 0.018182
07/19/22, 0.017316, 0.018174, 0.017316, 0.017699
07/18/22, 0.017544, 0.017770, 0.017092, 0.017544
07/15/22, 0.017160, 0.017699, 0.016439, 0.017544
07/14/22, 0.017101, 0.017234, 0.016457, 0.017160
07/13/22, 0.017116, 0.017160, 0.016004, 0.017101
07/12/22, 0.015385, 0.017175, 0.015324, 0.017116
07/11/22, 0.015408, 0.016876, 0.015038, 0.016000
07/08/22, 0.015854, 0.016400, 0.015094, 0.015385
07/07/22, 0.015385, 0.016019, 0.015385, 0.015854
07/06/22, 0.016000, 0.016667, 0.014515, 0.015748
07/05/22, 0.017544, 0.018340, 0.014870, 0.016000
07/04/22, 0.018519, 0.018519, 0.016632, 0.017857
07/01/22, 0.018182, 0.019408, 0.016949, 0.018519
06/30/22, 0.019048, 0.019231, 0.018100, 0.018182
06/29/22, 0.018605, 0.019901, 0.018018, 0.019048
06/28/22, 0.018824, 0.019011, 0.017857, 0.018605
06/27/22, 0.018727, 0.018859, 0.017778, 0.018824
06/24/22, 0.018349, 0.018843, 0.017637, 0.018450
06/23/22, 0.018182, 0.018832, 0.017937, 0.018349
06/22/22, 0.018561, 0.019011, 0.018223, 0.018265
06/21/22, 0.018018, 0.019231, 0.016701, 0.018561
06/20/22, 0.017699, 0.018206, 0.017094, 0.018018
06/17/22, 0.017429, 0.018010, 0.017094, 0.017391
06/16/22, 0.017738, 0.017817, 0.016792, 0.017429
06/15/22, 0.017094, 0.018018, 0.016807, 0.018018
06/14/22, 0.017094, 0.017094, 0.017094, 0.017094
06/13/22, 0.017167, 0.018232, 0.016667, 0.017388
06/10/22, 0.017316, 0.017691, 0.016778, 0.017167
06/09/22, 0.016529, 0.017938, 0.016394, 0.017316
06/08/22, 0.016000, 0.016780, 0.016000, 0.016529
06/07/22, 0.016227, 0.016563, 0.016015, 0.016194
06/06/22, 0.015783, 0.016736, 0.015648, 0.016227
06/03/22, 0.015779, 0.016387, 0.015444, 0.015783
06/02/22, 0.015748, 0.016387, 0.014925, 0.015779
06/01/22, 0.015936, 0.016387, 0.015504, 0.015748
05/31/22, 0.015625, 0.016495, 0.015588, 0.015936
05/30/22, 0.015038, 0.016227, 0.014625, 0.015625
05/27/22, 0.015402, 0.015779, 0.014493, 0.015038
05/26/22, 0.016570, 0.017536, 0.015385, 0.015462
05/25/22, 0.017241, 0.018018, 0.016529, 0.016570
05/24/22, 0.016942, 0.018018, 0.016920, 0.017241
05/23/22, 0.016129, 0.017475, 0.016000, 0.017072
05/20/22, 0.016393, 0.017264, 0.015504, 0.016129
05/19/22, 0.015595, 0.016380, 0.015355, 0.016097
05/18/22, 0.015296, 0.016129, 0.015165, 0.015444
05/17/22, 0.015748, 0.015842, 0.015136, 0.015296
05/16/22, 0.015038, 0.015860, 0.014981, 0.015474
05/13/22, 0.015444, 0.015970, 0.015038, 0.015038
05/12/22, 0.014981, 0.015686, 0.014760, 0.015444
05/11/22, 0.014311, 0.015152, 0.014311, 0.014981
05/10/22, 0.014286, 0.014706, 0.014109, 0.014260
05/09/22, 0.014493, 0.014925, 0.014155, 0.014286
05/06/22, 0.015385, 0.015426, 0.014493, 0.014493
05/05/22, 0.015123, 0.015607, 0.014609, 0.015385
05/04/22, 0.014652, 0.015522, 0.014604, 0.015123
05/03/22, 0.014149, 0.015173, 0.013937, 0.014652
05/02/22, 0.014015, 0.014301, 0.013633, 0.014149
04/29/22, 0.013746, 0.014414, 0.013614, 0.014015
04/28/22, 0.013559, 0.014085, 0.013305, 0.013746
04/27/22, 0.013223, 0.013884, 0.012966, 0.013559
04/26/22, 0.013329, 0.013860, 0.013166, 0.013223
04/25/22, 0.012924, 0.013705, 0.012384, 0.013329
04/22/22, 0.012365, 0.013293, 0.012324, 0.012924
04/21/22, 0.012158, 0.013328, 0.011866, 0.012365
04/20/22, 0.012384, 0.012786, 0.011799, 0.012158
04/19/22, 0.012327, 0.012653, 0.012202, 0.012384
04/18/22, 0.012384, 0.012598, 0.011834, 0.012327
04/15/22, 0.012103, 0.012461, 0.011976, 0.012384
04/14/22, 0.012121, 0.012289, 0.011958, 0.012103
04/13/22, 0.011713, 0.012516, 0.011713, 0.012121
04/12/22, 0.011976, 0.012596, 0.011603, 0.011713
04/11/22, 0.012461, 0.012618, 0.011696, 0.011976
04/08/22, 0.012618, 0.013113, 0.012255, 0.012461
04/07/22, 0.012121, 0.012945, 0.011905, 0.012539
04/06/22, 0.012121, 0.012121, 0.012121, 0.012121
04/05/22, 0.011905, 0.012039, 0.011609, 0.011869
04/04/22, 0.011905, 0.011905, 0.011905, 0.011905
04/01/22, 0.012232, 0.012346, 0.011204, 0.011662
03/31/22, 0.011976, 0.012422, 0.011869, 0.012232
03/30/22, 0.011429, 0.012121, 0.010989, 0.011976
03/29/22, 0.010526, 0.011976, 0.010204, 0.011429
03/28/22, 0.009615, 0.010638, 0.009615, 0.010526
03/25/22, 0.009780, 0.010243, 0.009615, 0.009615
03/24/22, 0.010336, 0.010430, 0.009662, 0.009780
03/23/22, 0.009430, 0.010526, 0.009346, 0.010336
03/22/22, 0.009376, 0.009709, 0.009112, 0.009430
03/21/22, 0.009390, 0.009891, 0.008658, 0.009376
03/18/22, 0.009732, 0.009913, 0.008889, 0.009390
03/17/22, 0.010204, 0.010363, 0.007570, 0.009732
03/16/22, 0.009390, 0.010417, 0.008545, 0.010101
03/15/22, 0.008197, 0.009615, 0.008126, 0.009390
03/14/22, 0.007463, 0.009079, 0.007463, 0.008197
03/11/22, 0.007491, 0.008840, 0.007380, 0.007463
03/10/22, 0.007273, 0.008618, 0.007143, 0.007491
03/09/22, 0.007843, 0.008643, 0.007181, 0.007326
03/08/22, 0.006993, 0.008264, 0.006993, 0.007843
03/07/22, 0.009390, 0.009390, 0.006317, 0.006993
03/04/22, 0.009132, 0.009978, 0.008403, 0.009390
03/03/22, 0.009732, 0.010256, 0.008425, 0.009091
03/02/22, 0.009215, 0.010194, 0.008423, 0.009723
03/01/22, 0.009259, 0.011186, 0.008439, 0.009134
02/28/22, 0.011924, 0.011924, 0.008772, 0.009258
02/25/22, 0.011854, 0.012235, 0.011639, 0.011924
02/24/22, 0.012281, 0.012296, 0.011127, 0.011852
02/23/22, 0.012686, 0.012730, 0.012240, 0.012284
02/22/22, 0.012686, 0.012686, 0.012686, 0.012686
02/21/22, 0.012914, 0.013127, 0.012460, 0.012461
02/18/22, 0.013128, 0.013220, 0.012905, 0.012928
02/17/22, 0.013317, 0.013321, 0.013040, 0.013113
02/16/22, 0.013253, 0.013361, 0.013237, 0.013305
02/15/22, 0.013072, 0.013312, 0.013023, 0.013253
02/14/22, 0.013022, 0.013125, 0.012792, 0.013071
02/11/22, 0.013330, 0.013365, 0.012888, 0.013022
02/10/22, 0.013365, 0.013464, 0.013310, 0.013330
02/09/22, 0.013326, 0.013424, 0.013302, 0.013368
02/08/22, 0.013262, 0.013335, 0.013219, 0.013327
02/07/22, 0.013203, 0.013266, 0.013134, 0.013262
02/04/22, 0.013123, 0.013218, 0.013067, 0.013203
02/03/22, 0.013121, 0.013162, 0.013017, 0.013113
02/02/22, 0.013006, 0.013212, 0.013003, 0.013121
02/01/22, 0.012933, 0.013089, 0.012864, 0.013006
01/31/22, 0.012789, 0.012964, 0.012789, 0.012933
01/28/22, 0.012824, 0.012922, 0.012766, 0.012789
01/27/22, 0.012634, 0.012920, 0.012542, 0.012827
01/26/22, 0.012706, 0.012734, 0.012449, 0.012634
01/25/22, 0.012673, 0.012770, 0.012605, 0.012706
01/24/22, 0.012924, 0.012989, 0.012580, 0.012688
01/21/22, 0.013127, 0.013136, 0.012857, 0.012888
01/20/22, 0.013131, 0.013159, 0.013010, 0.013127
01/19/22, 0.012981, 0.013183, 0.012962, 0.013131
01/18/22, 0.012981, 0.012981, 0.012981, 0.012981
01/17/22, 0.013117, 0.013211, 0.013022, 0.013101
01/14/22, 0.013074, 0.013226, 0.012992, 0.013117
01/13/22, 0.013402, 0.013429, 0.013052, 0.013075
01/12/22, 0.013439, 0.013457, 0.013351, 0.013408
01/11/22, 0.013332, 0.013460, 0.013306, 0.013436
01/10/22, 0.013332, 0.013332, 0.013332, 0.013332
01/07/22, 0.013104, 0.013317, 0.013069, 0.013206
01/06/22, 0.013024, 0.013157, 0.012930, 0.013104
01/05/22, 0.013309, 0.013324, 0.013006, 0.013024
01/04/22, 0.013424, 0.013442, 0.013231, 0.013291
01/03/22, 0.013370, 0.013481, 0.013231, 0.013410
12/31/21, 0.013388, 0.013425, 0.013258, 0.013370
12/30/21, 0.013521, 0.013532, 0.013308, 0.013427
12/29/21, 0.013586, 0.013597, 0.013477, 0.013521
12/28/21, 0.013620, 0.013636, 0.013536, 0.013587
12/27/21, 0.013575, 0.013678, 0.013569, 0.013621
12/24/21, 0.013616, 0.013672, 0.013562, 0.013575
12/23/21, 0.013616, 0.013616, 0.013616, 0.013616
12/22/21, 0.013513, 0.013587, 0.013481, 0.013573
12/21/21, 0.013464, 0.013564, 0.013464, 0.013512
12/20/21, 0.013482, 0.013501, 0.013425, 0.013464
12/17/21, 0.013556, 0.013593, 0.013465, 0.013482
12/16/21, 0.013592, 0.013631, 0.013538, 0.013545
12/15/21, 0.013552, 0.013595, 0.013445, 0.013593
12/14/21, 0.013605, 0.013622, 0.013530, 0.013548
12/13/21, 0.013623, 0.013650, 0.013568, 0.013606
12/10/21, 0.013572, 0.013648, 0.013553, 0.013614
12/09/21, 0.013596, 0.013608, 0.013552, 0.013573
12/08/21, 0.013483, 0.013603, 0.013459, 0.013592
12/07/21, 0.013483, 0.013483, 0.013483, 0.013483
12/06/21, 0.013518, 0.013602, 0.013432, 0.013471
12/03/21, 0.013577, 0.013640, 0.013517, 0.013518
12/02/21, 0.013577, 0.013577, 0.013577, 0.013577
12/01/21, 0.013487, 0.013565, 0.013444, 0.013506
11/30/21, 0.013424, 0.013518, 0.013312, 0.013515
11/29/21, 0.013235, 0.013469, 0.013229, 0.013426
11/26/21, 0.013399, 0.013414, 0.013171, 0.013235
11/25/21, 0.013337, 0.013424, 0.013335, 0.013391
11/24/21, 0.013457, 0.013493, 0.013326, 0.013337
11/23/21, 0.013338, 0.013502, 0.013286, 0.013457
11/22/21, 0.013602, 0.013688, 0.013319, 0.013338
11/19/21, 0.013679, 0.013755, 0.013573, 0.013602
11/18/21, 0.013773, 0.013798, 0.013630, 0.013679
11/17/21, 0.013687, 0.013826, 0.013642, 0.013773
11/16/21, 0.013820, 0.013827, 0.013606, 0.013686
11/15/21, 0.013718, 0.013887, 0.013718, 0.013791
11/12/21, 0.013970, 0.013983, 0.013657, 0.013718
11/11/21, 0.013970, 0.013970, 0.013970, 0.013970
11/10/21, 0.014124, 0.014181, 0.014016, 0.014023
11/09/21, 0.014025, 0.014153, 0.014016, 0.014124
11/08/21, 0.014055, 0.014104, 0.013982, 0.014026
11/05/21, 0.014010, 0.014079, 0.013896, 0.014055
11/04/21, 0.013913, 0.014050, 0.013906, 0.014050
11/03/21, 0.013975, 0.014018, 0.013840, 0.013909
11/02/21, 0.013973, 0.014009, 0.013889, 0.013978
11/01/21, 0.013973, 0.013973, 0.013973, 0.013973
10/29/21, 0.014232, 0.014253, 0.014082, 0.014096
10/28/21, 0.014145, 0.014273, 0.014130, 0.014230
10/27/21, 0.014383, 0.014423, 0.014144, 0.014154
10/26/21, 0.014308, 0.014445, 0.014303, 0.014384
10/25/21, 0.014268, 0.014346, 0.014184, 0.014310
10/22/21, 0.014050, 0.014303, 0.014043, 0.014226
10/21/21, 0.014124, 0.014154, 0.014025, 0.014053
10/20/21, 0.014102, 0.014128, 0.014058, 0.014113
10/19/21, 0.014020, 0.014121, 0.014019, 0.014102
10/18/21, 0.014060, 0.014091, 0.014010, 0.014021
10/15/21, 0.014000, 0.014103, 0.013992, 0.014087
10/14/21, 0.013879, 0.014019, 0.013868, 0.014007
10/13/21, 0.013916, 0.013942, 0.013864, 0.013874
10/12/21, 0.013949, 0.013949, 0.013890, 0.013914
10/11/21, 0.013928, 0.013975, 0.013903, 0.013932
10/08/21, 0.013928, 0.013956, 0.013879, 0.013925
10/07/21, 0.013809, 0.013948, 0.013785, 0.013928
10/06/21, 0.013827, 0.013836, 0.013751, 0.013802
10/05/21, 0.013803, 0.013837, 0.013759, 0.013827
10/04/21, 0.013761, 0.013811, 0.013699, 0.013799
10/01/21, 0.013750, 0.013764, 0.013653, 0.013760
09/30/21, 0.013721, 0.013776, 0.013701, 0.013747
09/29/21, 0.013741, 0.013770, 0.013705, 0.013721
09/28/21, 0.013756, 0.013812, 0.013693, 0.013740
09/27/21, 0.013699, 0.013804, 0.013699, 0.013753
09/24/21, 0.013734, 0.013791, 0.013684, 0.013791
09/23/21, 0.013694, 0.013780, 0.013691, 0.013734
09/22/21, 0.013694, 0.013694, 0.013694, 0.013694
09/21/21, 0.013658, 0.013706, 0.013593, 0.013681
09/20/21, 0.013721, 0.013738, 0.013584, 0.013610
09/17/21, 0.013794, 0.013824, 0.013708, 0.013721
09/16/21, 0.013836, 0.013845, 0.013769, 0.013793
09/15/21, 0.013686, 0.013842, 0.013634, 0.013837
09/14/21, 0.013759, 0.013784, 0.013683, 0.013686
09/13/21, 0.013666, 0.013776, 0.013658, 0.013761
09/10/21, 0.013714, 0.013758, 0.013658, 0.013664
09/09/21, 0.013643, 0.013731, 0.013635, 0.013714
09/08/21, 0.013643, 0.013643, 0.013643, 0.013643
09/07/21, 0.013696, 0.013713, 0.013627, 0.013631
09/06/21, 0.013696, 0.013696, 0.013696, 0.013696
09/03/21, 0.013706, 0.013781, 0.013676, 0.013731
09/02/21, 0.013691, 0.013756, 0.013688, 0.013717
09/01/21, 0.013617, 0.013736, 0.013600, 0.013688
08/31/21, 0.013602, 0.013661, 0.013595, 0.013616
08/30/21, 0.013680, 0.013680, 0.013571, 0.013602
08/27/21, 0.013462, 0.013652, 0.013454, 0.013652
08/26/21, 0.013528, 0.013563, 0.013427, 0.013462
08/25/21, 0.013543, 0.013575, 0.013497, 0.013528
08/24/21, 0.013488, 0.013566, 0.013481, 0.013555
08/23/21, 0.013505, 0.013531, 0.013466, 0.013510
08/20/21, 0.013465, 0.013516, 0.013407, 0.013463
08/19/21, 0.013551, 0.013557, 0.013450, 0.013466
08/18/21, 0.013589, 0.013632, 0.013535, 0.013552
08/17/21, 0.013639, 0.013642, 0.013574, 0.013589
08/16/21, 0.013642, 0.013665, 0.013606, 0.013635
08/13/21, 0.013586, 0.013668, 0.013577, 0.013640
08/12/21, 0.013609, 0.013633, 0.013572, 0.013586
08/11/21, 0.013519, 0.013634, 0.013484, 0.013609
08/10/21, 0.013580, 0.013603, 0.013504, 0.013519
08/09/21, 0.013580, 0.013580, 0.013580, 0.013580
08/06/21, 0.013676, 0.013698, 0.013575, 0.013686
08/05/21, 0.013662, 0.013700, 0.013628, 0.013677
08/04/21, 0.013684, 0.013753, 0.013644, 0.013664
08/03/21, 0.013699, 0.013740, 0.013662, 0.013698
08/02/21, 0.013671, 0.013758, 0.013633, 0.013691
07/30/21, 0.013657, 0.013737, 0.013618, 0.013671
07/29/21, 0.013593, 0.013695, 0.013593, 0.013657
07/28/21, 0.013554, 0.013626, 0.013541, 0.013593
07/27/21, 0.013561, 0.013589, 0.013524, 0.013554
07/26/21, 0.013527, 0.013583, 0.013465, 0.013564
07/23/21, 0.013577, 0.013602, 0.013527, 0.013538
07/22/21, 0.013577, 0.013577, 0.013577, 0.013577
07/21/21, 0.013436, 0.013531, 0.013411, 0.013521
07/20/21, 0.013375, 0.013460, 0.013375, 0.013435
07/19/21, 0.013500, 0.013500, 0.013373, 0.013375
07/16/21, 0.013443, 0.013521, 0.013431, 0.013500
07/15/21, 0.013492, 0.013506, 0.013432, 0.013442
07/14/21, 0.013451, 0.013523, 0.013418, 0.013490
07/13/21, 0.013436, 0.013533, 0.013430, 0.013451
07/12/21, 0.013438, 0.013469, 0.013370, 0.013432
07/09/21, 0.013377, 0.013482, 0.013366, 0.013438
07/08/21, 0.013397, 0.013410, 0.013271, 0.013378
07/07/21, 0.013415, 0.013524, 0.013349, 0.013383
07/06/21, 0.013612, 0.013669, 0.013369, 0.013414
07/05/21, 0.013671, 0.013671, 0.013587, 0.013606
07/02/21, 0.013617, 0.013672, 0.013550, 0.013662
07/01/21, 0.013670, 0.013734, 0.013599, 0.013617
06/30/21, 0.013738, 0.013765, 0.013655, 0.013669
06/29/21, 0.013843, 0.013856, 0.013722, 0.013736
06/28/21, 0.013843, 0.013843, 0.013843, 0.013843
06/25/21, 0.013834, 0.013881, 0.013801, 0.013848
06/24/21, 0.013769, 0.013865, 0.013753, 0.013834
06/23/21, 0.013719, 0.013823, 0.013669, 0.013769
06/22/21, 0.013676, 0.013734, 0.013643, 0.013719
06/21/21, 0.013719, 0.013743, 0.013635, 0.013678
06/18/21, 0.013831, 0.013872, 0.013724, 0.013736
06/17/21, 0.013763, 0.013872, 0.013754, 0.013832
06/16/21, 0.013842, 0.013958, 0.013757, 0.013763
06/15/21, 0.013842, 0.013842, 0.013842, 0.013842
06/14/21, 0.013879, 0.013898, 0.013818, 0.013864
06/11/21, 0.013927, 0.013976, 0.013814, 0.013899
06/10/21, 0.013819, 0.013948, 0.013783, 0.013927
06/09/21, 0.013819, 0.013819, 0.013819, 0.013819
06/08/21, 0.013722, 0.013840, 0.013714, 0.013837
06/07/21, 0.013725, 0.013744, 0.013647, 0.013726
06/04/21, 0.013661, 0.013742, 0.013639, 0.013724
06/03/21, 0.013673, 0.013694, 0.013634, 0.013654
06/02/21, 0.013573, 0.013682, 0.013558, 0.013673
06/01/21, 0.013623, 0.013677, 0.013570, 0.013573
05/31/21, 0.013661, 0.013680, 0.013609, 0.013623
05/28/21, 0.013614, 0.013680, 0.013568, 0.013661
05/27/21, 0.013614, 0.013614, 0.013614, 0.013614
05/26/21, 0.013607, 0.013649, 0.013566, 0.013603
05/25/21, 0.013615, 0.013660, 0.013588, 0.013607
05/24/21, 0.013585, 0.013619, 0.013536, 0.013615
05/21/21, 0.013584, 0.013631, 0.013571, 0.013583
05/20/21, 0.013554, 0.013614, 0.013513, 0.013587
05/19/21, 0.013576, 0.013597, 0.013513, 0.013554
05/18/21, 0.013533, 0.013594, 0.013505, 0.013577
05/17/21, 0.013524, 0.013559, 0.013493, 0.013533
05/14/21, 0.013498, 0.013564, 0.013488, 0.013512
05/13/21, 0.013434, 0.013546, 0.013380, 0.013498
05/12/21, 0.013432, 0.013526, 0.013387, 0.013387
05/11/21, 0.013454, 0.013545, 0.013435, 0.013484
05/10/21, 0.013569, 0.013597, 0.013447, 0.013454
05/07/21, 0.013464, 0.013601, 0.013456, 0.013559
05/06/21, 0.013369, 0.013477, 0.013349, 0.013463
05/05/21, 0.013375, 0.013405, 0.013324, 0.013370
05/04/21, 0.013303, 0.013392, 0.013270, 0.013382
05/03/21, 0.013311, 0.013372, 0.013183, 0.013336
04/30/21, 0.013374, 0.013428, 0.013254, 0.013282
04/29/21, 0.013434, 0.013475, 0.013380, 0.013389
04/28/21, 0.013333, 0.013447, 0.013315, 0.013434
04/27/21, 0.013330, 0.013371, 0.013283, 0.013333
04/26/21, 0.013342, 0.013397, 0.013261, 0.013330
04/23/21, 0.013260, 0.013393, 0.013227, 0.013356
04/22/21, 0.013039, 0.013289, 0.012986, 0.013264
04/21/21, 0.012998, 0.013100, 0.012941, 0.013039
04/20/21, 0.013099, 0.013167, 0.012978, 0.012998
04/19/21, 0.013099, 0.013099, 0.013099, 0.013099
04/16/21, 0.013055, 0.013276, 0.012998, 0.013226
04/15/21, 0.013190, 0.013193, 0.012896, 0.013097
04/14/21, 0.013111, 0.013253, 0.013085, 0.013195
04/13/21, 0.013111, 0.013111, 0.013111, 0.013111
04/12/21, 0.012936, 0.012974, 0.012858, 0.012932
04/09/21, 0.013015, 0.013027, 0.012907, 0.012916
04/08/21, 0.012995, 0.013050, 0.012924, 0.013010
04/07/21, 0.012964, 0.013018, 0.012816, 0.012995
04/06/21, 0.013094, 0.013126, 0.012911, 0.012928
04/05/21, 0.013106, 0.013159, 0.013032, 0.013094
04/02/21, 0.013131, 0.013201, 0.013070, 0.013083
04/01/21, 0.013218, 0.013231, 0.013081, 0.013131
03/31/21, 0.013186, 0.013293, 0.013136, 0.013218
03/30/21, 0.013186, 0.013186, 0.013186, 0.013186
03/29/21, 0.013156, 0.013235, 0.013138, 0.013225
03/26/21, 0.013114, 0.013227, 0.013106, 0.013184
03/25/21, 0.013054, 0.013203, 0.013029, 0.013116
03/24/21, 0.013088, 0.013208, 0.012995, 0.013055
03/23/21, 0.013372, 0.013376, 0.013083, 0.013088
03/22/21, 0.013468, 0.013477, 0.013319, 0.013372
03/19/21, 0.013460, 0.013561, 0.013430, 0.013496
03/18/21, 0.013568, 0.013615, 0.013436, 0.013463
03/17/21, 0.013745, 0.013749, 0.013478, 0.013563
03/16/21, 0.013731, 0.013786, 0.013688, 0.013740
03/15/21, 0.013731, 0.013731, 0.013731, 0.013731
03/12/21, 0.013627, 0.013656, 0.013564, 0.013650
03/11/21, 0.013580, 0.013664, 0.013540, 0.013622
03/10/21, 0.013506, 0.013594, 0.013439, 0.013582
03/09/21, 0.013409, 0.013553, 0.013397, 0.013515
03/08/21, 0.013451, 0.013536, 0.013358, 0.013434
03/05/21, 0.013411, 0.013493, 0.013373, 0.013451
03/04/21, 0.013526, 0.013634, 0.013341, 0.013400
03/03/21, 0.013551, 0.013624, 0.013486, 0.013510
03/02/21, 0.013461, 0.013584, 0.013385, 0.013550
03/01/21, 0.013408, 0.013530, 0.013342, 0.013460
02/26/21, 0.013407, 0.013466, 0.013348, 0.013408
02/25/21, 0.013407, 0.013407, 0.013407, 0.013407
02/24/21, 0.013588, 0.013588, 0.013588, 0.013588
02/23/21, 0.013512, 0.013512, 0.013512, 0.013512
02/22/21, 0.013507, 0.013536, 0.013327, 0.013448
02/19/21, 0.013539, 0.013550, 0.013477, 0.013508
02/18/21, 0.013555, 0.013605, 0.013484, 0.013537
02/17/21, 0.013586, 0.013606, 0.013479, 0.013557
02/16/21, 0.013637, 0.013671, 0.013532, 0.013586
02/15/21, 0.013577, 0.013672, 0.013549, 0.013642
02/12/21, 0.013560, 0.013603, 0.013429, 0.013577
02/11/21, 0.013530, 0.013598, 0.013522, 0.013572
02/10/21, 0.013532, 0.013580, 0.013501, 0.013528
02/09/21, 0.013447, 0.013537, 0.013430, 0.013528
02/08/21, 0.013403, 0.013485, 0.013371, 0.013447
02/05/21, 0.013239, 0.013418, 0.013210, 0.013396
02/04/21, 0.013195, 0.013278, 0.013145, 0.013235
02/03/21, 0.013124, 0.013196, 0.013103, 0.013188
02/02/21, 0.013150, 0.013273, 0.013105, 0.013131
02/01/21, 0.013166, 0.013271, 0.013123, 0.013141
01/29/21, 0.013165, 0.013291, 0.013099, 0.013166
01/28/21, 0.013183, 0.013211, 0.013074, 0.013145
01/27/21, 0.013313, 0.013371, 0.013162, 0.013182
01/26/21, 0.013313, 0.013313, 0.013313, 0.013313
01/25/21, 0.013279, 0.013409, 0.013182, 0.013266
01/22/21, 0.013497, 0.013537, 0.013270, 0.013286
01/21/21, 0.013605, 0.013663, 0.013497, 0.013513
01/20/21, 0.013548, 0.013657, 0.013524, 0.013606
01/19/21, 0.013526, 0.013584, 0.013499, 0.013546
01/18/21, 0.013605, 0.013605, 0.013446, 0.013524
01/15/21, 0.013615, 0.013653, 0.013537, 0.013602
01/14/21, 0.013539, 0.013678, 0.013510, 0.013644
01/13/21, 0.013613, 0.013626, 0.013519, 0.013539
01/12/21, 0.013384, 0.013614, 0.013371, 0.013610
01/11/21, 0.013498, 0.013522, 0.013335, 0.013384
01/08/21, 0.013388, 0.013544, 0.013365, 0.013498
01/07/21, 0.013524, 0.013583, 0.013339, 0.013380
01/06/21, 0.013478, 0.013624, 0.013464, 0.013522
01/05/21, 0.013420, 0.013541, 0.013293, 0.013463
01/04/21, 0.013524, 0.013684, 0.013410, 0.013426
01/01/21, 0.013509, 0.013524, 0.013509, 0.013524
12/31/20, 0.013447, 0.013556, 0.013288, 0.013509
12/30/20, 0.013573, 0.013619, 0.013335, 0.013451
12/29/20, 0.013573, 0.013573, 0.013573, 0.013573
12/28/20, 0.013503, 0.013599, 0.013454, 0.013553
12/25/20, 0.013508, 0.013582, 0.013473, 0.013503
12/24/20, 0.013337, 0.013539, 0.013288, 0.013507
12/23/20, 0.013172, 0.013382, 0.013152, 0.013333
12/22/20, 0.013172, 0.013172, 0.013172, 0.013172
12/21/20, 0.013619, 0.013619, 0.013251, 0.013385
12/18/20, 0.013702, 0.013713, 0.013533, 0.013619
12/17/20, 0.013618, 0.013764, 0.013614, 0.013708
12/16/20, 0.013662, 0.013662, 0.013567, 0.013624
12/15/20, 0.013545, 0.013674, 0.013479, 0.013659
12/14/20, 0.013671, 0.013735, 0.013515, 0.013537
12/11/20, 0.013687, 0.013721, 0.013627, 0.013671
12/10/20, 0.013582, 0.013703, 0.013538, 0.013689
12/09/20, 0.013617, 0.013666, 0.013505, 0.013577
12/08/20, 0.013563, 0.013689, 0.013508, 0.013617
12/07/20, 0.013515, 0.013642, 0.013424, 0.013564
12/04/20, 0.013430, 0.013550, 0.013394, 0.013491
12/03/20, 0.013324, 0.013463, 0.013262, 0.013433
12/02/20, 0.013195, 0.013328, 0.013139, 0.013323
12/01/20, 0.013071, 0.013234, 0.013071, 0.013193
11/30/20, 0.013144, 0.013191, 0.013057, 0.013071
11/27/20, 0.013210, 0.013225, 0.013105, 0.013144
11/26/20, 0.013240, 0.013275, 0.013202, 0.013210
11/25/20, 0.013253, 0.013276, 0.013163, 0.013237
11/24/20, 0.013150, 0.013270, 0.013132, 0.013249
11/23/20, 0.013114, 0.013231, 0.013069, 0.013135
11/20/20, 0.013118, 0.013184, 0.013079, 0.013121
11/19/20, 0.013162, 0.013177, 0.013057, 0.013117
11/18/20, 0.013115, 0.013240, 0.013097, 0.013161
11/17/20, 0.013115, 0.013115, 0.013115, 0.013115
11/16/20, 0.012937, 0.013136, 0.012901, 0.013132
11/13/20, 0.012940, 0.012971, 0.012869, 0.012924
11/12/20, 0.012940, 0.012940, 0.012940, 0.012940
11/11/20, 0.013066, 0.013149, 0.012956, 0.012977
11/10/20, 0.013096, 0.013133, 0.013002, 0.013067
11/09/20, 0.012916, 0.013200, 0.012876, 0.013096
11/06/20, 0.013014, 0.013052, 0.012835, 0.012915
11/05/20, 0.012894, 0.013025, 0.012694, 0.013010
11/04/20, 0.012634, 0.012911, 0.012527, 0.012894
11/03/20, 0.012416, 0.012646, 0.012398, 0.012634
11/02/20, 0.012599, 0.012599, 0.012355, 0.012416
10/30/20, 0.012670, 0.012696, 0.012558, 0.012594
10/29/20, 0.012656, 0.012720, 0.012561, 0.012673
10/28/20, 0.012943, 0.012964, 0.012621, 0.012656
10/27/20, 0.013092, 0.013115, 0.012933, 0.012940
10/26/20, 0.013119, 0.013155, 0.013053, 0.013092
10/23/20, 0.013055, 0.013138, 0.013001, 0.013120
10/22/20, 0.013041, 0.013094, 0.012912, 0.013054
10/21/20, 0.012930, 0.013060, 0.012922, 0.013046
10/20/20, 0.012850, 0.012941, 0.012807, 0.012930
10/19/20, 0.012833, 0.012914, 0.012795, 0.012852
10/16/20, 0.012819, 0.012861, 0.012763, 0.012853
10/15/20, 0.012819, 0.012819, 0.012819, 0.012819
10/14/20, 0.012981, 0.013010, 0.012854, 0.012857
10/13/20, 0.012980, 0.013009, 0.012916, 0.012980
10/12/20, 0.012980, 0.012980, 0.012980, 0.012980
10/09/20, 0.012928, 0.013044, 0.012916, 0.013026
10/08/20, 0.012816, 0.012938, 0.012795, 0.012928
10/07/20, 0.012765, 0.012835, 0.012740, 0.012816
10/06/20, 0.012804, 0.012883, 0.012712, 0.012766
10/05/20, 0.012788, 0.012847, 0.012685, 0.012804
10/02/20, 0.012943, 0.012982, 0.012692, 0.012789
10/01/20, 0.012880, 0.012994, 0.012857, 0.012944
09/30/20, 0.012646, 0.012890, 0.012596, 0.012880
09/29/20, 0.012641, 0.012746, 0.012505, 0.012644
09/28/20, 0.012797, 0.012821, 0.012610, 0.012642
09/25/20, 0.012978, 0.013047, 0.012737, 0.012796
09/24/20, 0.012976, 0.013030, 0.012904, 0.012978
09/23/20, 0.013143, 0.013161, 0.012969, 0.012980
09/22/20, 0.013119, 0.013205, 0.013058, 0.013141
09/21/20, 0.013210, 0.013254, 0.013063, 0.013132
09/18/20, 0.013318, 0.013358, 0.013197, 0.013204
09/17/20, 0.013350, 0.013357, 0.013254, 0.013318
09/16/20, 0.013331, 0.013395, 0.013262, 0.013350
09/15/20, 0.013284, 0.013359, 0.013267, 0.013332
09/14/20, 0.013352, 0.013409, 0.013243, 0.013285
09/11/20, 0.013305, 0.013378, 0.013277, 0.013352
09/10/20, 0.013278, 0.013392, 0.013214, 0.013304
09/09/20, 0.013112, 0.013284, 0.013078, 0.013278
09/08/20, 0.013202, 0.013242, 0.013057, 0.013112
09/07/20, 0.013202, 0.013202, 0.013202, 0.013202
09/04/20, 0.013284, 0.013345, 0.013214, 0.013268
09/03/20, 0.013285, 0.013355, 0.013193, 0.013285
09/02/20, 0.013285, 0.013285, 0.013285, 0.013285
09/01/20, 0.013518, 0.013629, 0.013513, 0.013566
08/31/20, 0.013499, 0.013583, 0.013421, 0.013518
08/28/20, 0.013344, 0.013513, 0.013309, 0.013498
08/27/20, 0.013219, 0.013383, 0.013208, 0.013346
08/26/20, 0.013294, 0.013305, 0.013157, 0.013217
08/25/20, 0.013408, 0.013454, 0.013207, 0.013296
08/24/20, 0.013365, 0.013484, 0.013337, 0.013408
08/21/20, 0.013543, 0.013565, 0.013331, 0.013365
08/20/20, 0.013644, 0.013677, 0.013480, 0.013544
08/19/20, 0.013676, 0.013699, 0.013596, 0.013644
08/18/20, 0.013570, 0.013709, 0.013553, 0.013675
08/17/20, 0.013721, 0.013738, 0.013551, 0.013572
08/14/20, 0.013719, 0.013736, 0.013609, 0.013723
08/13/20, 0.013569, 0.013725, 0.013540, 0.013719
08/12/20, 0.013681, 0.013697, 0.013545, 0.013572
08/11/20, 0.013613, 0.013757, 0.013586, 0.013682
08/10/20, 0.013560, 0.013654, 0.013503, 0.013613
08/07/20, 0.013625, 0.013666, 0.013527, 0.013567
08/06/20, 0.013700, 0.013760, 0.013585, 0.013626
08/05/20, 0.013616, 0.013767, 0.013593, 0.013704
08/04/20, 0.013670, 0.013714, 0.013508, 0.013627
08/03/20, 0.013442, 0.013682, 0.013406, 0.013671
07/31/20, 0.013680, 0.013680, 0.013423, 0.013444
07/30/20, 0.013779, 0.013810, 0.013551, 0.013680
07/29/20, 0.013790, 0.013876, 0.013726, 0.013779
07/28/20, 0.013966, 0.013992, 0.013755, 0.013787
07/27/20, 0.013966, 0.013966, 0.013966, 0.013966
07/24/20, 0.013996, 0.014031, 0.013891, 0.013953
07/23/20, 0.014067, 0.014120, 0.013961, 0.013995
07/22/20, 0.014149, 0.014164, 0.014026, 0.014066
07/21/20, 0.014149, 0.014149, 0.014149, 0.014149
07/20/20, 0.013946, 0.014020, 0.013866, 0.014001
07/17/20, 0.013977, 0.013988, 0.013890, 0.013913
07/16/20, 0.014101, 0.014140, 0.013964, 0.013975
07/15/20, 0.014086, 0.014153, 0.014061, 0.014099
07/14/20, 0.014083, 0.014124, 0.014020, 0.014089
07/13/20, 0.014083, 0.014083, 0.014083, 0.014083
07/10/20, 0.014113, 0.014154, 0.014000, 0.014138
07/09/20, 0.014045, 0.014186, 0.014020, 0.014115
07/08/20, 0.014019, 0.014077, 0.013974, 0.014049
07/07/20, 0.013924, 0.014035, 0.013831, 0.014020
07/06/20, 0.013995, 0.014122, 0.013869, 0.013922
07/03/20, 0.014169, 0.014219, 0.013957, 0.013995
07/02/20, 0.014126, 0.014246, 0.014126, 0.014169
07/01/20, 0.014045, 0.014169, 0.014037, 0.014126
06/30/20, 0.014284, 0.014284, 0.014019, 0.014045
06/29/20, 0.014331, 0.014365, 0.014197, 0.014284
06/26/20, 0.014470, 0.014491, 0.014292, 0.014331
06/25/20, 0.014374, 0.014489, 0.014354, 0.014476
06/24/20, 0.014536, 0.014556, 0.014361, 0.014374
06/23/20, 0.014467, 0.014587, 0.014379, 0.014524
06/22/20, 0.014404, 0.014497, 0.014340, 0.014467
06/19/20, 0.014309, 0.014453, 0.014294, 0.014404
06/18/20, 0.014334, 0.014460, 0.014292, 0.014310
06/17/20, 0.014358, 0.014414, 0.014309, 0.014334
06/16/20, 0.014376, 0.014450, 0.014299, 0.014356
06/15/20, 0.014339, 0.014380, 0.014179, 0.014376
06/12/20, 0.014254, 0.014444, 0.014243, 0.014339
06/11/20, 0.014605, 0.014614, 0.014237, 0.014252
06/10/20, 0.014578, 0.014663, 0.014509, 0.014604
06/09/20, 0.014654, 0.014689, 0.014502, 0.014577
06/08/20, 0.014554, 0.014698, 0.014554, 0.014655
06/05/20, 0.014463, 0.014649, 0.014459, 0.014557
06/04/20, 0.014576, 0.014600, 0.014380, 0.014460
06/03/20, 0.014576, 0.014576, 0.014576, 0.014576
06/02/20, 0.014488, 0.014580, 0.014457, 0.014565
06/01/20, 0.014257, 0.014493, 0.014221, 0.014486
05/29/20, 0.014181, 0.014258, 0.014116, 0.014257
05/28/20, 0.014181, 0.014181, 0.014181, 0.014181
05/27/20, 0.014123, 0.014134, 0.013992, 0.014087
05/26/20, 0.013956, 0.014161, 0.013952, 0.014123
05/25/20, 0.013960, 0.014010, 0.013919, 0.013958
05/22/20, 0.014094, 0.014102, 0.013872, 0.013960
05/21/20, 0.014062, 0.014162, 0.013996, 0.014096
05/20/20, 0.013808, 0.014067, 0.013771, 0.014062
05/19/20, 0.013758, 0.013848, 0.013746, 0.013808
05/18/20, 0.013586, 0.013779, 0.013579, 0.013757
05/15/20, 0.013607, 0.013694, 0.013537, 0.013586
05/14/20, 0.013513, 0.013613, 0.013425, 0.013605
05/13/20, 0.013581, 0.013681, 0.013470, 0.013524
05/12/20, 0.013571, 0.013702, 0.013560, 0.013581
05/11/20, 0.013624, 0.013673, 0.013518, 0.013573
05/08/20, 0.013527, 0.013679, 0.013501, 0.013624
05/07/20, 0.013423, 0.013588, 0.013416, 0.013527
05/06/20, 0.013564, 0.013633, 0.013333, 0.013422
05/05/20, 0.013367, 0.013588, 0.013347, 0.013565
05/04/20, 0.013266, 0.013370, 0.013168, 0.013369
05/01/20, 0.013446, 0.013452, 0.013192, 0.013270
04/30/20, 0.013695, 0.013767, 0.013400, 0.013466
04/29/20, 0.013482, 0.013696, 0.013480, 0.013695
04/28/20, 0.013428, 0.013551, 0.013356, 0.013483
04/27/20, 0.013407, 0.013504, 0.013366, 0.013428
04/24/20, 0.013369, 0.013519, 0.013099, 0.013407
04/23/20, 0.013162, 0.013470, 0.013159, 0.013370
04/22/20, 0.012973, 0.013189, 0.012876, 0.013174
04/21/20, 0.013241, 0.013259, 0.012884, 0.012973
04/20/20, 0.013509, 0.013509, 0.013279, 0.013289
04/17/20, 0.013472, 0.013666, 0.013439, 0.013509
04/16/20, 0.013359, 0.013561, 0.013329, 0.013471
04/15/20, 0.013697, 0.013715, 0.013273, 0.013360
04/14/20, 0.013584, 0.013747, 0.013567, 0.013697
04/13/20, 0.013551, 0.013681, 0.013551, 0.013585
04/10/20, 0.013474, 0.013664, 0.013444, 0.013551
04/09/20, 0.013322, 0.013735, 0.013305, 0.013477
04/08/20, 0.013234, 0.013347, 0.013175, 0.013324
04/07/20, 0.013151, 0.013298, 0.013146, 0.013233
04/06/20, 0.013048, 0.013170, 0.012960, 0.013150
04/03/20, 0.012953, 0.013064, 0.012845, 0.013048
04/02/20, 0.012707, 0.012952, 0.012625, 0.012951
04/01/20, 0.012747, 0.012751, 0.012599, 0.012707
03/31/20, 0.012583, 0.012870, 0.012542, 0.012747
03/30/20, 0.012694, 0.012695, 0.012428, 0.012585
03/27/20, 0.012908, 0.012927, 0.012611, 0.012700
03/26/20, 0.012790, 0.012986, 0.012652, 0.012907
03/25/20, 0.012767, 0.012989, 0.012597, 0.012790
03/24/20, 0.012564, 0.012792, 0.012561, 0.012767
03/23/20, 0.012504, 0.012589, 0.012335, 0.012565
03/20/20, 0.012634, 0.012918, 0.012492, 0.012504
03/19/20, 0.012372, 0.012724, 0.012178, 0.012635
03/18/20, 0.013255, 0.013309, 0.012237, 0.012341
03/17/20, 0.013432, 0.013615, 0.013250, 0.013255
03/16/20, 0.013770, 0.013884, 0.013260, 0.013421
03/13/20, 0.013350, 0.013876, 0.013329, 0.013770
03/12/20, 0.013735, 0.013756, 0.013256, 0.013350
03/11/20, 0.013980, 0.014155, 0.013671, 0.013734
03/10/20, 0.013980, 0.013980, 0.013980, 0.013980
03/09/20, 0.014585, 0.014586, 0.013259, 0.013422
03/06/20, 0.014790, 0.014849, 0.014575, 0.014582
03/05/20, 0.015099, 0.015150, 0.014764, 0.014789
03/04/20, 0.015139, 0.015264, 0.015028, 0.015097
03/03/20, 0.015081, 0.015305, 0.015001, 0.015139
03/02/20, 0.014945, 0.015127, 0.014856, 0.015061
02/28/20, 0.015089, 0.015089, 0.014783, 0.014945
02/27/20, 0.015284, 0.015288, 0.015059, 0.015089
02/26/20, 0.015318, 0.015392, 0.015217, 0.015286
02/25/20, 0.015310, 0.015454, 0.015244, 0.015318
02/24/20, 0.015607, 0.015610, 0.015194, 0.015310
02/21/20, 0.015586, 0.015650, 0.015488, 0.015607
02/20/20, 0.015742, 0.015742, 0.015551, 0.015587
02/19/20, 0.015659, 0.015759, 0.015641, 0.015739
02/18/20, 0.015753, 0.015762, 0.015579, 0.015665
02/17/20, 0.015742, 0.015821, 0.015731, 0.015749
02/14/20, 0.015700, 0.015776, 0.015698, 0.015741
02/13/20, 0.015817, 0.015818, 0.015678, 0.015702
02/12/20, 0.015777, 0.015894, 0.015768, 0.015827
02/11/20, 0.015598, 0.015811, 0.015596, 0.015779
02/10/20, 0.015591, 0.015710, 0.015552, 0.015597
02/07/20, 0.015789, 0.015814, 0.015569, 0.015591
02/06/20, 0.015900, 0.015967, 0.015769, 0.015789
02/05/20, 0.015863, 0.015985, 0.015800, 0.015897
02/04/20, 0.015704, 0.015911, 0.015695, 0.015862
02/03/20, 0.015631, 0.015749, 0.015603, 0.015704
01/31/20, 0.015830, 0.015856, 0.015621, 0.015631
01/30/20, 0.015991, 0.015996, 0.015745, 0.015830
01/29/20, 0.016065, 0.016082, 0.015918, 0.015990
01/28/20, 0.015879, 0.016073, 0.015839, 0.016065
01/27/20, 0.016108, 0.016108, 0.015846, 0.015879
01/24/20, 0.016149, 0.016201, 0.016056, 0.016110
01/23/20, 0.016164, 0.016171, 0.016105, 0.016149
01/22/20, 0.016148, 0.016190, 0.016114, 0.016165
01/21/20, 0.016234, 0.016242, 0.016138, 0.016151
01/20/20, 0.016240, 0.016290, 0.016223, 0.016234
01/17/20, 0.016219, 0.016313, 0.016211, 0.016234
01/16/20, 0.016283, 0.016301, 0.016191, 0.016217
01/15/20, 0.016280, 0.016302, 0.016200, 0.016283
01/14/20, 0.016327, 0.016358, 0.016260, 0.016280
01/13/20, 0.016386, 0.016424, 0.016290, 0.016323
01/10/20, 0.016311, 0.016425, 0.016290, 0.016383
01/09/20, 0.016323, 0.016358, 0.016287, 0.016312
01/08/20, 0.016137, 0.016373, 0.016095, 0.016322
01/07/20, 0.016178, 0.016230, 0.016101, 0.016137
01/06/20, 0.016116, 0.016196, 0.016041, 0.016178
01/03/20, 0.016207, 0.016207, 0.016068, 0.016116
01/02/20, 0.016165, 0.016233, 0.016092, 0.016203
01/01/20, 0.016113, 0.016278, 0.016113, 0.016165
12/31/19, 0.016124, 0.016140, 0.016050, 0.016113
12/30/19, 0.016114, 0.016220, 0.016094, 0.016127
12/27/19, 0.016065, 0.016181, 0.016058, 0.016112
12/26/19, 0.016169, 0.016214, 0.016062, 0.016065
12/25/19, 0.016144, 0.016252, 0.016140, 0.016169
12/24/19, 0.016051, 0.016155, 0.016029, 0.016144
12/23/19, 0.016059, 0.016092, 0.016004, 0.016050
12/20/19, 0.016028, 0.016126, 0.016007, 0.016057
12/19/19, 0.015971, 0.016050, 0.015945, 0.016028
12/18/19, 0.016027, 0.016027, 0.015945, 0.015957
12/17/19, 0.016009, 0.016036, 0.015939, 0.016027
12/16/19, 0.015912, 0.016034, 0.015905, 0.016009
12/13/19, 0.015938, 0.016086, 0.015889, 0.015913
12/12/19, 0.015789, 0.015951, 0.015783, 0.015938
12/11/19, 0.015752, 0.015807, 0.015713, 0.015790
12/10/19, 0.015737, 0.015769, 0.015709, 0.015750
12/09/19, 0.015707, 0.015745, 0.015664, 0.015737
12/06/19, 0.015694, 0.015723, 0.015662, 0.015705
12/05/19, 0.015643, 0.015697, 0.015640, 0.015694
12/04/19, 0.015600, 0.015668, 0.015565, 0.015647
12/03/19, 0.015600, 0.015600, 0.015600, 0.015600
12/02/19, 0.015536, 0.015587, 0.015506, 0.015576
11/29/19, 0.015603, 0.015619, 0.015517, 0.015529
11/28/19, 0.015634, 0.015639, 0.015580, 0.015608
11/27/19, 0.015629, 0.015651, 0.015598, 0.015635
11/26/19, 0.015640, 0.015671, 0.015591, 0.015628
11/25/19, 0.015690, 0.015691, 0.015609, 0.015639
11/22/19, 0.015697, 0.015719, 0.015649, 0.015662
11/21/19, 0.015665, 0.015710, 0.015650, 0.015698
11/20/19, 0.015662, 0.015675, 0.015598, 0.015666
11/19/19, 0.015658, 0.015711, 0.015645, 0.015662
11/18/19, 0.015679, 0.015699, 0.015636, 0.015658
11/15/19, 0.015638, 0.015696, 0.015629, 0.015686
11/14/19, 0.015541, 0.015643, 0.015532, 0.015638
11/13/19, 0.015565, 0.015593, 0.015512, 0.015542
11/12/19, 0.015655, 0.015679, 0.015556, 0.015565
11/11/19, 0.015677, 0.015686, 0.015629, 0.015650
11/08/19, 0.015738, 0.015747, 0.015632, 0.015679
11/07/19, 0.015664, 0.015779, 0.015644, 0.015742
11/06/19, 0.015759, 0.015765, 0.015618, 0.015657
11/05/19, 0.015738, 0.015829, 0.015704, 0.015753
11/04/19, 0.015738, 0.015831, 0.015736, 0.015739
11/01/19, 0.015593, 0.015779, 0.015588, 0.015738
10/31/19, 0.015696, 0.015696, 0.015581, 0.015590
10/30/19, 0.015633, 0.015700, 0.015591, 0.015695
10/29/19, 0.015676, 0.015698, 0.015619, 0.015633
10/28/19, 0.015637, 0.015732, 0.015637, 0.015682
10/25/19, 0.015633, 0.015712, 0.015602, 0.015654
10/24/19, 0.015641, 0.015686, 0.015591, 0.015609
10/23/19, 0.015693, 0.015709, 0.015627, 0.015641
10/22/19, 0.015673, 0.015731, 0.015663, 0.015692
10/21/19, 0.015682, 0.015716, 0.015627, 0.015684
10/18/19, 0.015598, 0.015684, 0.015584, 0.015674
10/17/19, 0.015595, 0.015661, 0.015569, 0.015599
10/16/19, 0.015546, 0.015610, 0.015507, 0.015595
10/15/19, 0.015572, 0.015579, 0.015503, 0.015551
10/14/19, 0.015570, 0.015624, 0.015520, 0.015566
10/11/19, 0.015517, 0.015621, 0.015489, 0.015575
10/10/19, 0.015411, 0.015527, 0.015348, 0.015515
10/09/19, 0.015336, 0.015428, 0.015321, 0.015411
10/08/19, 0.015386, 0.015442, 0.015301, 0.015336
10/07/19, 0.015385, 0.015385, 0.015385, 0.015385
10/04/19, 0.015337, 0.015493, 0.015330, 0.015465
10/03/19, 0.015348, 0.015378, 0.015298, 0.015351
10/02/19, 0.015335, 0.015376, 0.015253, 0.015345
10/01/19, 0.015421, 0.015440, 0.015281, 0.015334
09/30/19, 0.015466, 0.015496, 0.015383, 0.015424
09/27/19, 0.015556, 0.015570, 0.015454, 0.015465
09/26/19, 0.015577, 0.015598, 0.015534, 0.015563
09/25/19, 0.015613, 0.015658, 0.015509, 0.015578
09/24/19, 0.015661, 0.015720, 0.015626, 0.015631
09/23/19, 0.015622, 0.015682, 0.015567, 0.015661
09/20/19, 0.015619, 0.015696, 0.015598, 0.015622
09/19/19, 0.015572, 0.015670, 0.015531, 0.015622
09/18/19, 0.015537, 0.015595, 0.015493, 0.015577
09/17/19, 0.015621, 0.015637, 0.015511, 0.015516
09/16/19, 0.015540, 0.015705, 0.015540, 0.015622
09/13/19, 0.015414, 0.015588, 0.015407, 0.015522
09/12/19, 0.015259, 0.015463, 0.015246, 0.015415
09/11/19, 0.015288, 0.015317, 0.015234, 0.015278
09/10/19, 0.015255, 0.015326, 0.015251, 0.015286
09/09/19, 0.015201, 0.015300, 0.015163, 0.015257
09/06/19, 0.015107, 0.015245, 0.015094, 0.015197
09/05/19, 0.015113, 0.015177, 0.015089, 0.015104
09/04/19, 0.014973, 0.015134, 0.014972, 0.015113
09/03/19, 0.014979, 0.014985, 0.014896, 0.014976
09/02/19, 0.014990, 0.015024, 0.014948, 0.014977
08/30/19, 0.015031, 0.015080, 0.014967, 0.014990
08/29/19, 0.014953, 0.015053, 0.014943, 0.015031
08/28/19, 0.015048, 0.015080, 0.014935, 0.014967
08/27/19, 0.015126, 0.015143, 0.014993, 0.015050
08/26/19, 0.015146, 0.015187, 0.015073, 0.015128
08/23/19, 0.015238, 0.015264, 0.015104, 0.015156
08/22/19, 0.015201, 0.015277, 0.015165, 0.015239
08/21/19, 0.015039, 0.015235, 0.015031, 0.015201
08/20/19, 0.014934, 0.015054, 0.014903, 0.015037
08/19/19, 0.015012, 0.015097, 0.014920, 0.014933
08/16/19, 0.015141, 0.015184, 0.015018, 0.015032
08/15/19, 0.015133, 0.015228, 0.015020, 0.015141
08/14/19, 0.015405, 0.015409, 0.015125, 0.015137
08/13/19, 0.015277, 0.015435, 0.015180, 0.015404
08/12/19, 0.015324, 0.015326, 0.015225, 0.015279
08/09/19, 0.015376, 0.015397, 0.015260, 0.015323
08/08/19, 0.015310, 0.015376, 0.015266, 0.015372
08/07/19, 0.015321, 0.015395, 0.015223, 0.015305
08/06/19, 0.015272, 0.015380, 0.015118, 0.015314
08/05/19, 0.015320, 0.015419, 0.015245, 0.015273
08/02/19, 0.015543, 0.015652, 0.015285, 0.015342
08/01/19, 0.015710, 0.015759, 0.015532, 0.015537
07/31/19, 0.015741, 0.015829, 0.015674, 0.015708
07/30/19, 0.015765, 0.015811, 0.015692, 0.015746
07/29/19, 0.015765, 0.015765, 0.015765, 0.015765
07/26/19, 0.015813, 0.015856, 0.015748, 0.015805
07/25/19, 0.015803, 0.015902, 0.015756, 0.015815
07/24/19, 0.015821, 0.015872, 0.015796, 0.015805
07/23/19, 0.015851, 0.015881, 0.015783, 0.015821
07/22/19, 0.015866, 0.015898, 0.015808, 0.015847
07/19/19, 0.015931, 0.015960, 0.015851, 0.015870
07/18/19, 0.015906, 0.015936, 0.015819, 0.015931
07/17/19, 0.015865, 0.015943, 0.015849, 0.015901
07/16/19, 0.015963, 0.015969, 0.015851, 0.015870
07/15/19, 0.015860, 0.015984, 0.015831, 0.015963
07/12/19, 0.015919, 0.015922, 0.015825, 0.015873
07/11/19, 0.015851, 0.015932, 0.015830, 0.015918
07/10/19, 0.015670, 0.015842, 0.015648, 0.015841
07/09/19, 0.015710, 0.015742, 0.015640, 0.015670
07/08/19, 0.015678, 0.015751, 0.015630, 0.015709
07/05/19, 0.015755, 0.015767, 0.015658, 0.015675
07/04/19, 0.015794, 0.015809, 0.015744, 0.015755
07/03/19, 0.015796, 0.015810, 0.015709, 0.015798
07/02/19, 0.015894, 0.015914, 0.015777, 0.015795
07/01/19, 0.015804, 0.015927, 0.015741, 0.015883
06/28/19, 0.015858, 0.015910, 0.015790, 0.015809
06/27/19, 0.015870, 0.015950, 0.015809, 0.015858
06/26/19, 0.015906, 0.015939, 0.015816, 0.015866
06/25/19, 0.015985, 0.016000, 0.015869, 0.015908
06/24/19, 0.015866, 0.015989, 0.015811, 0.015986
06/21/19, 0.015903, 0.015911, 0.015682, 0.015847
06/20/19, 0.015688, 0.015909, 0.015674, 0.015904
06/19/19, 0.015624, 0.015697, 0.015602, 0.015689
06/18/19, 0.015549, 0.015646, 0.015495, 0.015610
06/17/19, 0.015532, 0.015591, 0.015518, 0.015548
06/14/19, 0.015486, 0.015572, 0.015475, 0.015524
06/13/19, 0.015408, 0.015504, 0.015408, 0.015485
06/12/19, 0.015495, 0.015499, 0.015398, 0.015409
06/11/19, 0.015469, 0.015517, 0.015444, 0.015496
06/10/19, 0.015435, 0.015471, 0.015352, 0.015449
06/07/19, 0.015355, 0.015445, 0.015349, 0.015435
06/06/19, 0.015310, 0.015381, 0.015302, 0.015354
06/05/19, 0.015349, 0.015394, 0.015293, 0.015311
06/04/19, 0.015311, 0.015385, 0.015279, 0.015349
06/03/19, 0.015255, 0.015345, 0.015194, 0.015310
05/31/19, 0.015350, 0.015356, 0.015246, 0.015271
05/30/19, 0.015404, 0.015426, 0.015338, 0.015349
05/29/19, 0.015459, 0.015470, 0.015296, 0.015397
05/28/19, 0.015530, 0.015543, 0.015445, 0.015457
05/27/19, 0.015513, 0.015548, 0.015500, 0.015541
05/24/19, 0.015416, 0.015527, 0.015407, 0.015510
05/23/19, 0.015548, 0.015549, 0.015404, 0.015416
05/22/19, 0.015532, 0.015587, 0.015510, 0.015554
05/21/19, 0.015501, 0.015541, 0.015475, 0.015521
05/20/19, 0.015438, 0.015522, 0.015421, 0.015492
05/17/19, 0.015473, 0.015490, 0.015433, 0.015449
05/16/19, 0.015470, 0.015529, 0.015451, 0.015475
05/15/19, 0.015404, 0.015506, 0.015388, 0.015468
05/14/19, 0.015286, 0.015419, 0.015281, 0.015404
05/13/19, 0.015351, 0.015354, 0.015250, 0.015288
05/10/19, 0.015328, 0.015371, 0.015279, 0.015355
05/09/19, 0.015379, 0.015392, 0.015257, 0.015323
05/08/19, 0.015291, 0.015403, 0.015273, 0.015372
05/07/19, 0.015334, 0.015428, 0.015277, 0.015293
05/06/19, 0.015317, 0.015373, 0.015267, 0.015330
05/03/19, 0.015319, 0.015379, 0.015243, 0.015360
05/02/19, 0.015421, 0.015455, 0.015251, 0.015293
05/01/19, 0.015476, 0.015486, 0.015410, 0.015421
04/30/19, 0.015513, 0.015544, 0.015383, 0.015476
04/29/19, 0.015430, 0.015527, 0.015430, 0.015511
04/26/19, 0.015465, 0.015492, 0.015416, 0.015430
04/25/19, 0.015515, 0.015557, 0.015399, 0.015465
04/24/19, 0.015695, 0.015694, 0.015514, 0.015516
04/23/19, 0.015674, 0.015709, 0.015653, 0.015698
04/22/19, 0.015625, 0.015679, 0.015615, 0.015677
04/19/19, 0.015660, 0.015662, 0.015607, 0.015625
04/18/19, 0.015669, 0.015675, 0.015587, 0.015657
04/17/19, 0.015611, 0.015669, 0.015593, 0.015672
04/16/19, 0.015551, 0.015615, 0.015519, 0.015609
04/15/19, 0.015527, 0.015574, 0.015531, 0.015551
04/12/19, 0.015476, 0.015593, 0.015456, 0.015527
04/11/19, 0.015555, 0.015568, 0.015455, 0.015472
04/10/19, 0.015396, 0.015573, 0.015394, 0.015559
04/09/19, 0.015417, 0.015461, 0.015377, 0.015396
04/08/19, 0.015299, 0.015428, 0.015279, 0.015415
04/05/19, 0.015288, 0.015344, 0.015258, 0.015299
04/04/19, 0.015328, 0.015351, 0.015243, 0.015290
04/03/19, 0.015308, 0.015366, 0.015297, 0.015328
04/02/19, 0.015327, 0.015335, 0.015255, 0.015307
04/01/19, 0.015212, 0.015349, 0.015188, 0.015332
03/29/19, 0.015372, 0.015479, 0.015208, 0.015212
03/28/19, 0.015420, 0.015486, 0.015317, 0.015383
03/27/19, 0.015522, 0.015543, 0.015388, 0.015421
03/26/19, 0.015630, 0.015634, 0.015510, 0.015526
03/25/19, 0.015467, 0.015636, 0.015461, 0.015630
03/22/19, 0.015657, 0.015711, 0.015426, 0.015467
03/21/19, 0.015646, 0.015713, 0.015638, 0.015657
03/20/19, 0.015533, 0.015701, 0.015538, 0.015639
03/19/19, 0.015533, 0.015572, 0.015492, 0.015534
03/18/19, 0.015430, 0.015592, 0.015406, 0.015533
03/15/19, 0.015283, 0.015433, 0.015263, 0.015430
03/14/19, 0.015280, 0.015313, 0.015245, 0.015284
03/13/19, 0.015249, 0.015299, 0.015235, 0.015279
03/12/19, 0.015179, 0.015254, 0.015163, 0.015245
03/11/19, 0.015075, 0.015180, 0.015057, 0.015173
03/08/19, 0.015087, 0.015093, 0.015038, 0.015075
03/07/19, 0.015167, 0.015185, 0.015084, 0.015090
03/06/19, 0.015198, 0.015205, 0.015143, 0.015170
03/05/19, 0.015211, 0.015233, 0.015194, 0.015198
03/04/19, 0.015180, 0.015252, 0.015180, 0.015211
03/01/19, 0.015163, 0.015239, 0.015151, 0.015180
02/28/19, 0.015204, 0.015215, 0.015150, 0.015161
02/27/19, 0.015221, 0.015228, 0.015148, 0.015204
02/26/19, 0.015260, 0.015266, 0.015174, 0.015221
02/25/19, 0.015296, 0.015346, 0.015236, 0.015260
02/22/19, 0.015238, 0.015312, 0.015218, 0.015296
02/21/19, 0.015233, 0.015290, 0.015214, 0.015238
02/20/19, 0.015214, 0.015266, 0.015175, 0.015232
02/19/19, 0.015099, 0.015213, 0.015083, 0.015216
02/18/19, 0.015079, 0.015131, 0.015073, 0.015098
02/15/19, 0.015005, 0.015098, 0.014977, 0.015079
02/14/19, 0.015019, 0.015087, 0.014889, 0.015002
02/13/19, 0.015185, 0.015238, 0.015020, 0.015029
02/12/19, 0.015193, 0.015263, 0.015096, 0.015183
02/11/19, 0.015280, 0.015281, 0.015175, 0.015195
02/08/19, 0.015175, 0.015298, 0.015119, 0.015280
02/07/19, 0.015193, 0.015214, 0.015124, 0.015168
02/06/19, 0.015241, 0.015253, 0.015170, 0.015183
02/05/19, 0.015252, 0.015285, 0.015234, 0.015243
02/04/19, 0.015272, 0.015266, 0.015223, 0.015252
02/01/19, 0.015297, 0.015308, 0.015213, 0.015272
01/31/19, 0.015296, 0.015345, 0.015222, 0.015297
01/30/19, 0.015135, 0.015298, 0.015111, 0.015295
01/29/19, 0.015105, 0.015160, 0.015059, 0.015139
01/28/19, 0.015131, 0.015248, 0.015071, 0.015098
01/25/19, 0.015208, 0.015236, 0.015094, 0.015131
01/24/19, 0.015134, 0.015218, 0.015121, 0.015209
01/23/19, 0.015038, 0.015145, 0.015031, 0.015133
01/22/19, 0.015061, 0.015071, 0.015012, 0.015037
01/21/19, 0.015127, 0.015127, 0.015044, 0.015062
01/18/19, 0.015067, 0.015127, 0.015037, 0.015127
01/17/19, 0.015080, 0.015091, 0.014996, 0.015072
01/16/19, 0.014906, 0.015092, 0.014894, 0.015076
01/15/19, 0.014921, 0.014951, 0.014893, 0.014909
01/14/19, 0.014938, 0.014953, 0.014859, 0.014921
01/11/19, 0.014961, 0.014974, 0.014892, 0.014938
01/10/19, 0.014999, 0.015006, 0.014851, 0.014957
01/09/19, 0.014949, 0.015008, 0.014872, 0.015000
01/08/19, 0.014996, 0.015006, 0.014857, 0.014948
01/07/19, 0.014862, 0.015015, 0.014709, 0.014995
01/04/19, 0.014533, 0.014874, 0.014488, 0.014862
01/03/19, 0.014459, 0.014586, 0.014392, 0.014533
01/02/19, 0.014344, 0.014559, 0.014332, 0.014459
01/01/19, 0.014442, 0.014449, 0.014344, 0.014344