Date,low_regime,high_regime
2019-01-01,9.076670593247917e-05,0.9999092332940676
2019-01-02,4.0238253320962055e-06,0.999995976174668
2019-01-03,5.301420036633035e-07,0.9999994698579966
2019-01-04,2.0986784329261756e-07,0.999999790132157
2019-01-07,1.5574549330452125e-07,0.999999844254507
2019-01-08,1.7049407794616244e-07,0.9999998295059223
2019-01-09,1.5360670060934026e-07,0.9999998463932995
2019-01-10,1.6764023667207884e-07,0.9999998323597635
2019-01-11,1.7460777574439675e-07,0.9999998253922245
2019-01-14,1.8097176906542329e-07,0.9999998190282311
2019-01-15,1.8474654547435316e-07,0.9999998152534548
2019-01-16,1.31174419229017e-07,0.9999998688255811
2019-01-17,1.3150130748102377e-07,0.9999998684986927
2019-01-18,1.1763112653494796e-07,0.9999998823688738
2019-01-21,1.3434453022420053e-07,0.99999986565547
2019-01-22,1.4131548129683374e-07,0.9999998586845188
2019-01-23,1.1593959635995168e-07,0.9999998840604036
2019-01-24,9.912056211642512e-08,0.9999999008794379
2019-01-25,1.1624988812279491e-07,0.9999998837501118
2019-01-28,1.244715611223425e-07,0.9999998755284388
2019-01-29,1.1419708579533746e-07,0.9999998858029142
2019-01-30,8.282364985882276e-08,0.9999999171763502
2019-01-31,8.229377545833802e-08,0.9999999177062247
2019-02-01,8.665162298032734e-08,0.9999999133483771
2019-02-04,9.033165119817258e-08,0.999999909668349
2019-02-05,9.214085551731278e-08,0.9999999078591446
2019-02-06,1.0426470354916462e-07,0.9999998957352966
2019-02-07,1.0743564097682636e-07,0.9999998925643592
2019-02-08,8.550632024899565e-08,0.9999999144936799
2019-02-11,1.0164557865797907e-07,0.9999998983544215
2019-02-12,1.0467274438812456e-07,0.9999998953272556
2019-02-13,1.4373475836749282e-07,0.9999998562652418
2019-02-14,1.5214443420070231e-07,0.9999998478555658
2019-02-15,1.2993137601008233e-07,0.9999998700686241
2019-02-18,1.244403558081661e-07,0.9999998755596443
2019-02-19,9.759321510541159e-08,0.9999999024067849
2019-02-20,9.42128829580266e-08,0.9999999057871172
2019-02-21,9.294972067884825e-08,0.9999999070502796
2019-02-22,8.255010168245027e-08,0.9999999174498988
2019-02-25,8.88608166442652e-08,0.9999999111391839
2019-02-26,9.635029656288697e-08,0.9999999036497041
2019-02-27,9.991519850982538e-08,0.9999999000848021
2019-02-28,1.091317693565181e-07,0.9999998908682312
2019-03-01,1.0498106200095654e-07,0.9999998950189385
2019-03-04,9.849503868939505e-08,0.9999999015049615
2019-03-05,1.0115673389787122e-07,0.9999998988432665
2019-03-06,1.0734295257207121e-07,0.9999998926570477
2019-03-07,1.266125687830872e-07,0.9999998733874316
2019-03-08,1.3052095802238813e-07,0.9999998694790422
2019-03-11,1.0663358376353224e-07,0.9999998933664165
2019-03-12,9.174343390835222e-08,0.9999999082565665
2019-03-13,8.544060533135116e-08,0.9999999145593952
2019-03-14,8.43635676689469e-08,0.9999999156364329
2019-03-15,6.244165989335815e-08,0.9999999375583408
2019-03-18,5.0442695846643215e-08,0.9999999495573049
2019-03-19,5.0244968676332397e-08,0.999999949755032
2019-03-20,4.049444085144197e-08,0.99999995950556
2019-03-21,3.905467761085792e-08,0.9999999609453232
2019-03-22,5.760305081656342e-08,0.9999999423969499
2019-03-25,4.131899030252782e-08,0.9999999586810105
2019-03-26,5.113837800984845e-08,0.999999948861623
2019-03-27,6.352581259451267e-08,0.9999999364741885
2019-03-28,6.892464415201811e-08,0.9999999310753569
2019-03-29,9.778501325807739e-08,0.9999999022149877
2019-04-01,7.664527898881322e-08,0.9999999233547221
2019-04-02,8.051324493683752e-08,0.9999999194867562
2019-04-03,7.718222838579638e-08,0.9999999228177726
2019-04-04,8.34100830482235e-08,0.9999999165899178
2019-04-05,8.18048970308351e-08,0.9999999181951038
2019-04-08,6.447141722789142e-08,0.9999999355285835
2019-04-09,6.682752340176967e-08,0.9999999331724774
2019-04-10,4.7866676692296343e-08,0.999999952133324
2019-04-11,5.710578542134621e-08,0.9999999428942152
2019-04-12,5.1037017742667455e-08,0.9999999489629829
2019-04-15,4.8534522803384126e-08,0.9999999514654778
2019-04-16,4.3056440825813316e-08,0.9999999569435598
2019-04-17,3.781769926474982e-08,0.9999999621823012
2019-04-18,3.8991881696999736e-08,0.9999999610081189
2019-04-19,4.162910815716281e-08,0.9999999583708924
2019-04-22,3.741672611538329e-08,0.9999999625832745
2019-04-23,3.587489830793893e-08,0.9999999641251022
2019-04-24,5.215001133489373e-08,0.9999999478499891
2019-04-25,5.8010173062208925e-08,0.9999999419898273
2019-04-26,6.231306296433352e-08,0.9999999376869373
2019-04-29,5.2802507327687723e-08,0.9999999471974929
2019-04-30,5.672422280578017e-08,0.9999999432757776
2019-05-01,6.363178574020766e-08,0.9999999363682147
2019-05-02,8.273373607987645e-08,0.9999999172662644
2019-05-03,7.224688042938971e-08,0.9999999277531201
2019-05-06,7.680751755721062e-08,0.9999999231924828
2019-05-07,8.281486506058914e-08,0.9999999171851353
2019-05-08,7.04952780387374e-08,0.9999999295047223
2019-05-09,7.78421859803386e-08,0.9999999221578144
2019-05-10,7.300437254675116e-08,0.9999999269956278
2019-05-13,8.360920750178192e-08,0.9999999163907929
2019-05-14,6.590259861549551e-08,0.9999999340974017
2019-05-15,5.7695058062227196e-08,0.9999999423049424
2019-05-16,5.684667110363201e-08,0.9999999431533293
2019-05-17,5.993348740722016e-08,0.9999999400665129
2019-05-20,5.4868044904230316e-08,0.9999999451319553
2019-05-21,5.165880614015984e-08,0.9999999483411943
2019-05-22,4.8326508432067286e-08,0.9999999516734918
2019-05-23,6.407739304783589e-08,0.9999999359226072
2019-05-24,5.28866892795761e-08,0.9999999471133111
2019-05-27,4.9617361040890244e-08,0.9999999503826393
2019-05-28,5.8980897038172606e-08,0.9999999410191033
2019-05-29,6.680810920758014e-08,0.999999933191891
2019-05-30,7.38588569307198e-08,0.9999999261411432
2019-05-31,8.66907059592301e-08,0.9999999133092942
2019-06-03,8.006521970173254e-08,0.9999999199347807
2019-06-04,7.389931213912693e-08,0.9999999261006882
2019-06-05,7.980745920220416e-08,0.9999999201925412
2019-06-06,7.30298678694781e-08,0.9999999269701325
2019-06-07,6.179432314730077e-08,0.9999999382056773
2019-06-10,5.995701527784495e-08,0.9999999400429853
2019-06-11,5.448214604182053e-08,0.9999999455178545
2019-06-12,6.505516259512786e-08,0.999999934944838
2019-06-13,5.5685424171379265e-08,0.9999999443145764
2019-06-14,5.1347428997266966e-08,0.9999999486525716
2019-06-17,4.8835341371137736e-08,0.9999999511646591
2019-06-18,4.296423969120451e-08,0.999999957035761
2019-06-19,3.647102514552016e-08,0.9999999635289755
2019-06-20,2.344652381841592e-08,0.9999999765534767
2019-06-21,2.6313324004411387e-08,0.9999999736866766
2019-06-24,1.979036050667095e-08,0.9999999802096401
2019-06-25,2.3219184266295254e-08,0.9999999767808165
2019-06-26,2.5319038420953324e-08,0.9999999746809624
2019-06-27,2.574912978486677e-08,0.9999999742508711
2019-06-28,2.8465976935735737e-08,0.999999971534024
2019-07-01,2.4469081783842193e-08,0.9999999755309192
2019-07-02,2.9304792351656508e-08,0.9999999706952087
2019-07-03,2.914382814414395e-08,0.9999999708561729
2019-07-04,3.184936278295852e-08,0.9999999681506384
2019-07-05,3.753624387055709e-08,0.9999999624637574
2019-07-08,3.5030923957345744e-08,0.9999999649690774
2019-07-09,3.790667271060137e-08,0.9999999620933288
2019-07-10,2.6679724427804263e-08,0.9999999733202768
2019-07-11,2.2760096728573058e-08,0.9999999772399045
2019-07-12,2.49459135396456e-08,0.9999999750540877
2019-07-15,2.0748383037781158e-08,0.9999999792516182
2019-07-16,2.510179883354132e-08,0.9999999748982022
2019-07-17,2.355972662163495e-08,0.9999999764402745
2019-07-18,2.215489711079562e-08,0.999999977845104
2019-07-19,2.5110888080436293e-08,0.999999974889113
2019-07-22,2.6335331769014324e-08,0.9999999736646693
2019-07-23,2.7784732641579032e-08,0.9999999722152685
2019-07-24,2.8714910949522e-08,0.9999999712850902
2019-07-25,2.8134983595227778e-08,0.9999999718650177
2019-07-26,2.8723362931286737e-08,0.9999999712766382
2019-07-29,3.1187165960958365e-08,0.9999999688128351
2019-07-30,3.244240128191857e-08,0.9999999675575998
2019-07-31,3.512419384256786e-08,0.9999999648758072
2019-08-01,5.001812776855077e-08,0.9999999499818731
2019-08-02,7.481778870292047e-08,0.9999999251822123
2019-08-05,8.633802662786284e-08,0.9999999136619742
2019-08-06,7.945506879108912e-08,0.999999920544932
2019-08-07,8.08175819670609e-08,0.9999999191824188
2019-08-08,7.048369138472528e-08,0.9999999295163096
2019-08-09,7.792361621024553e-08,0.9999999220763847
2019-08-12,8.520695971804893e-08,0.9999999147930412
2019-08-13,6.623311828247463e-08,0.9999999337668827
2019-08-14,1.144043873981215e-07,0.9999998855956136
2019-08-15,1.1421850534455554e-07,0.9999998857814956
2019-08-16,1.4325087337254143e-07,0.9999998567491275
2019-08-19,1.7546172541707076e-07,0.9999998245382755
2019-08-20,1.416260510500758e-07,0.99999985837395
2019-08-21,1.0078283080221773e-07,0.9999998992171701
2019-08-22,9.303180337948599e-08,0.9999999069681977
2019-08-23,1.1030807399466076e-07,0.9999998896919269
2019-08-26,1.1721413076032875e-07,0.9999998827858702
2019-08-27,1.379506610571146e-07,0.9999998620493398
2019-08-28,1.6359160710284582e-07,0.9999998364083936
2019-08-29,1.439147894387602e-07,0.9999998560852114
2019-08-30,1.56348832181746e-07,0.9999998436511686
2019-09-02,1.6074434783596052e-07,0.9999998392556528
2019-09-03,1.6059824022856278e-07,0.9999998394017604
2019-09-04,1.2124225958784254e-07,0.9999998787577411
2019-09-05,1.2286613281907153e-07,0.9999998771338681
2019-09-06,1.014206417091831e-07,0.9999998985793591
2019-09-09,8.946137340654302e-08,0.9999999105386275
2019-09-10,8.421252055484169e-08,0.9999999157874804
2019-09-11,8.541473107354834e-08,0.99999991458527
2019-09-12,6.440680400541235e-08,0.9999999355931971
2019-09-13,5.1567000366804046e-08,0.9999999484330008
2019-09-16,4.1985055934344034e-08,0.9999999580149452
2019-09-17,5.212359040401345e-08,0.9999999478764109
2019-09-18,4.6011163505523116e-08,0.9999999539888377
2019-09-19,4.1927951777190195e-08,0.9999999580720493
2019-09-20,4.1901546113822006e-08,0.9999999580984551
2019-09-23,3.868496470439628e-08,0.9999999613150365
2019-09-24,4.1148381151873204e-08,0.9999999588516201
2019-09-25,4.589497255103171e-08,0.9999999541050288
2019-09-26,4.7393209604358197e-08,0.9999999526067918
2019-09-27,5.799089513066399e-08,0.9999999420091061
2019-09-30,6.321171112201665e-08,0.99999993678829
2019-10-01,7.606555512815124e-08,0.999999923934446
2019-10-02,7.444240029698714e-08,0.9999999255576008
2019-10-03,7.342427118940933e-08,0.99999992657573
2019-10-04,5.814728008225305e-08,0.9999999418527211
2019-10-07,6.848075305321394e-08,0.9999999315192482
2019-10-08,7.572597654486211e-08,0.9999999242740248
2019-10-09,6.488826548081075e-08,0.9999999351117358
2019-10-10,5.2334829379873485e-08,0.999999947665172
2019-10-11,4.6221825394786515e-08,0.9999999537781759
2019-10-14,4.706507015276845e-08,0.9999999529349312
2019-10-15,4.852326005353426e-08,0.9999999514767411
2019-10-16,4.4335509004956565e-08,0.9999999556644923
2019-10-17,4.39331743417988e-08,0.999999956066827
2019-10-18,3.7658661962467214e-08,0.9999999623413395
2019-10-21,3.6871402361776655e-08,0.9999999631285991
2019-10-22,3.6280764187799285e-08,0.9999999637192373
2019-10-23,4.029373457048531e-08,0.999999959706267
2019-10-24,4.3031102637276444e-08,0.9999999569688989
2019-10-25,3.923494333051621e-08,0.9999999607650581
2019-10-28,3.7043078242079265e-08,0.9999999629569231
2019-10-29,4.093924792644388e-08,0.9999999590607533
2019-10-30,3.608436063079299e-08,0.9999999639156405
2019-10-31,4.470283583090451e-08,0.9999999552971655
2019-11-01,3.3011954072683444e-08,0.9999999669880472
2019-11-04,3.290837980328196e-08,0.9999999670916214
2019-11-05,3.1994728875464424e-08,0.9999999680052724
2019-11-06,3.894236041368035e-08,0.9999999610576409
2019-11-07,3.273790310571799e-08,0.9999999672620984
2019-11-08,3.724666804907627e-08,0.9999999627533334
2019-11-11,3.957324882038919e-08,0.9999999604267524
2019-11-12,4.713838605037204e-08,0.9999999528616154
2019-11-13,4.941257126439208e-08,0.9999999505874301
2019-11-14,4.056664738729323e-08,0.999999959433354
2019-11-15,3.67378174165164e-08,0.9999999632621839
2019-11-18,3.8898047841196884e-08,0.9999999611019534
2019-11-19,3.858598060189708e-08,0.9999999614140206
2019-11-20,3.826130166273e-08,0.9999999617386994
2019-11-21,3.583552201854029e-08,0.9999999641644791
2019-11-22,3.8583107036385266e-08,0.999999961416894
2019-11-25,4.046186768854203e-08,0.9999999595381334
2019-11-26,4.139083400811671e-08,0.9999999586091671
2019-11-27,4.0811708061645756e-08,0.999999959188293
2019-11-28,4.3164363469707895e-08,0.9999999568356375
2019-11-29,5.07562056233425e-08,0.9999999492437953
2019-12-02,4.610798003707901e-08,0.9999999538920209
2019-12-03,4.385787502957926e-08,0.999999956142126
2019-12-04,3.980265481009468e-08,0.9999999601973463
2019-12-05,3.612563754666301e-08,0.9999999638743636
2019-12-06,3.53007207206519e-08,0.9999999646992803
2019-12-09,3.3050835187146576e-08,0.9999999669491658
2019-12-10,3.216686535475243e-08,0.9999999678331357
2019-12-11,2.9608236520477806e-08,0.9999999703917646
2019-12-12,2.1846115693240374e-08,0.9999999781538853
2019-12-13,2.2973256460188708e-08,0.9999999770267445
2019-12-16,1.8863713486864212e-08,0.9999999811362875
2019-12-17,1.8177150868101273e-08,0.99999998182285
2019-12-18,2.098062397973848e-08,0.9999999790193768
2019-12-19,1.8137067252826702e-08,0.9999999818629336
2019-12-20,1.708469192686135e-08,0.999999982915309
2019-12-23,1.732589071364501e-08,0.9999999826741102
2019-12-24,1.428397771860582e-08,0.9999999857160231
2019-12-25,1.3569420622947612e-08,0.9999999864305801
2019-12-26,1.6796658258305915e-08,0.9999999832033425
2019-12-27,1.525501478435994e-08,0.9999999847449861
2019-12-30,1.4790873617959781e-08,0.9999999852091271
2019-12-31,1.5219605234322966e-08,0.9999999847803955
2020-01-01,1.367752812879123e-08,0.9999999863224726
2020-01-02,1.2651861521765668e-08,0.9999999873481391
2020-01-03,1.5122860875123896e-08,0.9999999848771398
2020-01-06,1.3319243306079528e-08,0.9999999866807575
2020-01-07,1.4481142263129529e-08,0.9999999855188585
2020-01-08,9.905402042307796e-09,0.9999999900945986
2020-01-09,1.010569066001375e-08,0.99999998989431
2020-01-10,8.735730575552898e-09,0.9999999912642699
2020-01-13,9.880746018694903e-09,0.9999999901192544
2020-01-14,1.0793882303704276e-08,0.9999999892061181
2020-01-15,1.0729892456788986e-08,0.9999999892701079
2020-01-16,1.228670981929171e-08,0.9999999877132906
2020-01-17,1.1866805292507681e-08,0.999999988133195
2020-01-20,1.1868642943078548e-08,0.9999999881313573
2020-01-21,1.4073598888562387e-08,0.9999999859264014
2020-01-22,1.3677929101109728e-08,0.9999999863220711
2020-01-23,1.4135755512699576e-08,0.9999999858642447
2020-01-24,1.5327306959023104e-08,0.9999999846726931
2020-01-27,2.4616217534781808e-08,0.9999999753837825
2020-01-28,1.6819107337294705e-08,0.9999999831808927
2020-01-29,1.9619251689920673e-08,0.9999999803807484
2020-01-30,2.728925385991795e-08,0.9999999727107463
2020-01-31,4.107055079037611e-08,0.9999999589294493
2020-02-03,3.5365455627583144e-08,0.9999999646345443
2020-02-04,2.555032270009318e-08,0.9999999744496773
2020-02-05,2.3770489836031353e-08,0.99999997622951
2020-02-06,2.9706015267722e-08,0.9999999702939846
2020-02-07,4.4629214224015615e-08,0.9999999553707857
2020-02-10,4.408718088897959e-08,0.9999999559128191
2020-02-11,3.033059283138825e-08,0.9999999696694071
2020-02-12,2.747009404651522e-08,0.9999999725299058
2020-02-13,3.5491463484234054e-08,0.9999999645085363
2020-02-14,3.2781274514225274e-08,0.9999999672187252
2020-02-17,3.2256484923260066e-08,0.999999967743515
2020-02-18,3.830947550317961e-08,0.9999999616905245
2020-02-19,3.29604836123598e-08,0.9999999670395162
2020-02-20,4.500717950050027e-08,0.9999999549928204
2020-02-21,4.337711727541297e-08,0.9999999566228827
2020-02-24,7.980148340851588e-08,0.9999999201985164
2020-02-25,7.878546767163626e-08,0.9999999212145321
2020-02-26,8.443570177617978e-08,0.9999999155642979
2020-02-27,1.270595318088117e-07,0.9999998729404679
2020-02-28,1.7086094001426507e-07,0.9999998291390597
2020-03-02,1.3492488864921114e-07,0.9999998650751112
2020-03-03,1.1472128265546775e-07,0.9999998852787172
2020-03-04,1.2607711085107742e-07,0.9999998739228891
2020-03-05,2.428081085559745e-07,0.9999997571918912
2020-03-06,5.122926227786775e-07,0.9999994877073769
2020-03-09,5.054520074211063e-06,0.9999949454799255
2020-03-10,4.41095534562398e-06,0.999995589044654
2020-03-11,2.248079504479828e-05,0.9999775192049549
2020-03-12,0.00012147723748450403,0.9998785227625152
2020-03-13,0.0003683155507385001,0.9996316844492611
2020-03-16,0.001908767727934314,0.9980912322720654
2020-03-17,0.006539658273253898,0.9934603417267457
2020-03-18,0.01644808643304429,0.9835519135669553
2020-03-19,0.019630266672764816,0.9803697333272348
2020-03-20,0.021447364504853277,0.9785526354951463
2020-03-23,0.022048145908705748,0.9779518540912938
2020-03-24,0.0219440807389379,0.9780559192610615
2020-03-25,0.0215716847188862,0.9784283152811133
2020-03-26,0.020964370681966982,0.9790356293180325
2020-03-27,0.020388392647347302,0.979611607352652
2020-03-30,0.01931260007718503,0.9806873999228142
2020-03-31,0.017066576369702383,0.9829334236302969
2020-04-01,0.014017021882267628,0.9859829781177317
2020-04-02,0.009564221731292288,0.990435778268707
2020-04-03,0.005668111770461627,0.9943318882295377
2020-04-06,0.002876944605750924,0.9971230553942483
2020-04-07,0.0012553497152420932,0.998744650284757
2020-04-08,0.00045974622402212667,0.999540253775977
2020-04-09,0.00013455947820534305,0.9998654405217937
2020-04-10,3.7378232141780564e-05,0.9999626217678574
2020-04-13,1.2297883316512312e-05,0.9999877021166828
2020-04-14,6.1570111697347255e-06,0.9999938429888293
2020-04-15,8.583114623975285e-06,0.9999914168853752
2020-04-16,8.225244727143454e-06,0.9999917747552719
2020-04-17,9.757451299351546e-06,0.9999902425486997
2020-04-20,1.7883766018896804e-05,0.9999821162339803
2020-04-21,2.8644146225114705e-05,0.999971355853774
2020-04-22,2.304896460944753e-05,0.9999769510353896
2020-04-23,1.4537051977324905e-05,0.9999854629480216
2020-04-24,1.0519302544645704e-05,0.9999894806974543
2020-04-27,8.446782990573503e-06,0.9999915532170083
2020-04-28,6.630402475652614e-06,0.9999933695975233
2020-04-29,4.7551247547890275e-06,0.999995244875244
2020-04-30,7.453444379340377e-06,0.9999925465556196
2020-05-01,1.0836623409652855e-05,0.9999891633765893
2020-05-04,9.387426034618342e-06,0.9999906125739645
2020-05-05,6.578531068287878e-06,0.9999934214689308
2020-05-06,7.152275875095075e-06,0.999992847724124
2020-05-07,5.793410849842119e-06,0.9999942065891492
2020-05-08,4.6263881732904235e-06,0.9999953736118258
2020-05-11,4.821264064492406e-06,0.9999951787359345
2020-05-12,4.879653412692907e-06,0.9999951203465861
2020-05-13,5.25170272588005e-06,0.999994748297273
2020-05-14,4.544156896573583e-06,0.9999954558431023
2020-05-15,4.251194329103188e-06,0.9999957488056699
2020-05-18,2.9221170939202145e-06,0.999997077882905
2020-05-19,2.3065146773423746e-06,0.9999976934853216
2020-05-20,1.3243632489952502e-06,0.9999986756367502
2020-05-21,1.1855541447848123e-06,0.9999988144458543
2020-05-22,1.5438360767195335e-06,0.9999984561639225
2020-05-25,1.5417923688935404e-06,0.9999984582076306
2020-05-26,1.1074557475395279e-06,0.9999988925442519
2020-05-27,1.1372868490090755e-06,0.9999988627131503
2020-05-28,9.303195473844994e-07,0.9999990696804519
2020-05-29,7.669856110306012e-07,0.9999992330143884
2020-06-01,4.7129342955158016e-07,0.9999995287065699
2020-06-02,3.91302666687363e-07,0.9999996086973328
2020-06-03,3.8317562113535387e-07,0.9999996168243784
2020-06-04,4.822765561754301e-07,0.9999995177234433
2020-06-05,3.96180575418777e-07,0.999999603819424
2020-06-08,3.232404286106401e-07,0.9999996767595706
2020-06-09,3.7679555564666096e-07,0.9999996232044436
2020-06-10,3.6928111019550694e-07,0.9999996307188891
2020-06-11,7.520802168602913e-07,0.9999992479197822
2020-06-12,6.462029105770236e-07,0.9999993537970886
2020-06-15,5.953380993255309e-07,0.9999994046619001
2020-06-16,6.19213419452185e-07,0.9999993807865798
2020-06-17,6.503140656888564e-07,0.9999993496859334
2020-06-18,6.782274742494819e-07,0.999999321772525
2020-06-19,5.576103838209779e-07,0.9999994423896155
2020-06-22,4.835468167891027e-07,0.9999995164531825
2020-06-23,4.328725915418051e-07,0.9999995671274078
2020-06-24,5.815134380628289e-07,0.9999994184865613
2020-06-25,4.83984785790153e-07,0.9999995160152134
2020-06-26,6.511256877730363e-07,0.9999993488743113
2020-06-29,7.522478965872285e-07,0.9999992477521025
2020-06-30,1.2184208287965485e-06,0.9999987815791704
2020-07-01,1.0644571024837369e-06,0.9999989355428968
2020-07-02,9.95867653445373e-07,0.9999990041323457
2020-07-03,1.432904275996559e-06,0.999998567095723
2020-07-06,1.6774620253099965e-06,0.9999983225379737
2020-07-07,1.3891807312407198e-06,0.999998610819268
2020-07-08,1.2685196875748276e-06,0.9999987314803115
2020-07-09,1.0961251973966376e-06,0.9999989038748016
2020-07-10,1.0421174626712145e-06,0.9999989578825365
2020-07-13,1.1600894363077477e-06,0.9999988399105628
2020-07-14,1.1563978504366951e-06,0.9999988436021486
2020-07-15,1.1618294493768084e-06,0.9999988381705497
2020-07-16,1.5139898381680035e-06,0.999998486010161
2020-07-17,1.7217478091799232e-06,0.9999982782521899
2020-07-20,1.4253770556582977e-06,0.9999985746229433
2020-07-21,1.0488287275660005e-06,0.9999989511712715
2020-07-22,1.2267379290009107e-06,0.99999877326207
2020-07-23,1.4496384807155145e-06,0.9999985503615183
2020-07-24,1.608195385076888e-06,0.9999983918046139
2020-07-27,1.6659716061118324e-06,0.9999983340283927
2020-07-28,2.4305936236898324e-06,0.9999975694063752
2020-07-29,2.739910694086266e-06,0.9999972600893046
2020-07-30,3.7212052586785804e-06,0.9999962787947401
2020-07-31,5.619795233162316e-06,0.9999943802047657
2020-08-03,4.034473478723116e-06,0.9999959655265201
2020-08-04,3.956717990800743e-06,0.999996043282008
2020-08-05,3.511831387630693e-06,0.9999964881686112
2020-08-06,4.079730065371912e-06,0.9999959202699334
2020-08-07,4.60113531803864e-06,0.9999953988646809
2020-08-10,4.231968740748011e-06,0.9999957680312582
2020-08-11,3.7524216543660498e-06,0.9999962475783447
2020-08-12,4.284298757724462e-06,0.9999957157012414
2020-08-13,3.3332464724411946e-06,0.9999966667535265
2020-08-14,3.3132307026412248e-06,0.9999966867692962
2020-08-17,4.293328204300973e-06,0.9999957066717944
2020-08-18,3.8138048268611417e-06,0.9999961861951717
2020-08-19,4.2839965911939045e-06,0.9999957160034074
2020-08-20,5.987025609607017e-06,0.999994012974389
2020-08-21,9.099181479494229e-06,0.9999909008185189
2020-08-24,1.0333640155160457e-05,0.9999896663598432
2020-08-25,1.3250005707655782e-05,0.9999867499942906
2020-08-26,1.4742227868155292e-05,0.99998525777213
2020-08-27,1.1388904127325294e-05,0.999988611095871
2020-08-28,7.771960410271655e-06,0.9999922280395881
2020-08-31,6.7282517167773274e-06,0.9999932717482817
2020-09-01,7.232830462439567e-06,0.999992767169536
2020-09-02,1.2641867342952056e-05,0.9999873581326553
2020-09-03,1.572940405258436e-05,0.9999842705959456
2020-09-04,1.870827144919938e-05,0.9999812917285492
2020-09-07,2.2548060810793255e-05,0.9999774519391877
2020-09-08,2.4868611667538566e-05,0.9999751313883312
2020-09-09,2.0164886767674745e-05,0.9999798351132312
2020-09-10,1.7907787997280355e-05,0.9999820922120015
2020-09-11,1.8179118786338706e-05,0.9999818208812125
2020-09-14,2.4458703661493387e-05,0.9999755412963373
2020-09-15,3.707157011070543e-05,0.9999629284298879
2020-09-16,7.076462078296015e-05,0.9999292353792157
2020-09-17,0.00016032153047629229,0.9998396784695222
2020-09-18,0.0003775786055572899,0.9996224213944415
2020-09-21,0.0007901175699092521,0.9992098824300897
2020-09-22,0.001468629402776287,0.9985313705972226
2020-09-23,0.0026144439624243986,0.9973855560375744
2020-09-24,0.003994363221073209,0.9960056367789257
2020-09-25,0.005654974940687015,0.9943450250593117
2020-09-28,0.007005809694623912,0.9929941903053745
2020-09-29,0.0077497983801587435,0.9922502016198399
2020-09-30,0.008077562337552783,0.9919224376624458
2020-10-01,0.008376864193809522,0.9916231358061892
2020-10-02,0.008739748646433553,0.9912602513535651
2020-10-05,0.008944661041036618,0.991055338958962
2020-10-06,0.009019270124145318,0.9909807298758535
2020-10-07,0.008915275545218197,0.9910847244547806
2020-10-08,0.008696577496730256,0.9913034225032685
2020-10-09,0.008514792067167194,0.9914852079328316
2020-10-12,0.00849489352656712,0.9915051064734317
2020-10-13,0.008575245606138655,0.9914247543938601
2020-10-14,0.00875897464596715,0.9912410253540317
2020-10-15,0.008883820421657026,0.9911161795783417
2020-10-16,0.008900327707290948,0.9910996722927078
2020-10-19,0.008853464840820864,0.9911465351591778
2020-10-20,0.008741717026933942,0.9912582829730646
2020-10-21,0.008667473206668566,0.9913325267933298
2020-10-22,0.008780650977507224,0.9912193490224911
2020-10-23,0.009105599162827875,0.9908944008371704
2020-10-26,0.009806248064377795,0.9901937519356204
2020-10-27,0.010970466015224003,0.9890295339847742
2020-10-28,0.012275185677556524,0.9877248143224416
2020-10-29,0.012976376845082085,0.9870236231549161
2020-10-30,0.013259339312345792,0.9867406606876525
2020-11-02,0.013050266418162227,0.9869497335818361
2020-11-03,0.011815004553739085,0.9881849954462594
2020-11-04,0.009613303009590313,0.9903866969904082
2020-11-05,0.007435293369632249,0.9925647066303661
2020-11-06,0.0057531123676649995,0.9942468876323335
2020-11-09,0.004156953498812125,0.9958430465011863
2020-11-10,0.0031311599412819336,0.9968688400587166
2020-11-11,0.002432963310632026,0.9975670366893663
2020-11-12,0.0018493917557240625,0.9981506082442745
2020-11-13,0.001315131409196704,0.9986848685908017
2020-11-16,0.0008051272570003517,0.9991948727429981
2020-11-17,0.0004984097363542264,0.9995015902636442
2020-11-18,0.0003056530397978842,0.9996943469602004
2020-11-19,0.0001976131527368167,0.9998023868472616
2020-11-20,0.00012857766552928622,0.999871422334469
2020-11-23,8.314934792195885e-05,0.9999168506520764
2020-11-24,5.223892218847801e-05,0.9999477610778099
2020-11-25,3.909392180156011e-05,0.9999609060781969
2020-11-26,3.492102705743614e-05,0.9999650789729411
2020-11-27,3.5097906271678104e-05,0.9999649020937269
2020-11-30,3.396933874857307e-05,0.9999660306612499
2020-12-01,2.5212585283151644e-05,0.9999747874147152
2020-12-02,1.609036019797422e-05,0.9999839096398003
2020-12-03,1.0110478137200756e-05,0.9999898895218611
2020-12-04,7.144485729784026e-06,0.9999928555142685
2020-12-07,5.397484998155053e-06,0.999994602515
2020-12-08,4.527594532462386e-06,0.9999954724054656
2020-12-09,4.487539790640713e-06,0.9999955124602076
2020-12-10,3.6601140331937405e-06,0.9999963398859651
2020-12-11,3.8046323687476748e-06,0.9999961953676296
2020-12-14,4.734569758298533e-06,0.9999952654302401
2020-12-15,3.960778396716701e-06,0.9999960392216016
2020-12-16,4.0041400239431216e-06,0.9999959958599745
2020-12-17,3.7046887184717527e-06,0.9999962953112802
2020-12-18,5.230688096079569e-06,0.9999947693119025
2020-12-21,9.731563845677993e-06,0.999990268436153
2020-12-22,1.4369207256583754e-05,0.9999856307927419
2020-12-23,1.1429730888911348e-05,0.9999885702691098
2020-12-24,7.572344417433285e-06,0.9999924276555813
2020-12-25,6.400827089668201e-06,0.999993599172909
2020-12-28,5.556561407791376e-06,0.9999944434385909
2020-12-29,5.441457870783556e-06,0.9999945585421278
2020-12-30,6.624471079022604e-06,0.9999933755289196
2020-12-31,6.294930468535456e-06,0.9999937050695301
2021-01-01,6.326058744063596e-06,0.9999936739412546
2021-01-04,7.423952162020536e-06,0.9999925760478366
2021-01-05,7.1618321907233296e-06,0.9999928381678078
2021-01-06,6.766698599094445e-06,0.9999932333013994
2021-01-07,8.171690262911918e-06,0.9999918283097354
2021-01-08,7.17931696767288e-06,0.9999928206830307
2021-01-11,7.639881284147472e-06,0.9999923601187144
2021-01-12,5.216259913707118e-06,0.9999947837400847
2021-01-13,5.12538009829955e-06,0.9999948746199002
2021-01-14,4.276971447436787e-06,0.9999957230285511
2021-01-15,4.6024099240300775e-06,0.9999953975900746
2021-01-18,5.378509027010386e-06,0.9999946214909717
2021-01-19,5.341374016557862e-06,0.9999946586259822
2021-01-20,5.282589626049919e-06,0.9999947174103728
2021-01-21,7.539697002369992e-06,0.9999924603029965
2021-01-22,1.2911616883631515e-05,0.9999870883831153
2021-01-25,1.624379826166098e-05,0.9999837562017372
2021-01-26,1.8664911375624087e-05,0.9999813350886232
2021-01-27,2.497328458359941e-05,0.9999750267154152
2021-01-28,2.9581148415740987e-05,0.999970418851583
2021-01-29,3.124962970989545e-05,0.999968750370289
2021-02-01,3.217879953709121e-05,0.9999678212004618
2021-02-02,3.063430864325701e-05,0.9999693656913555
2021-02-03,2.5393440227456762e-05,0.9999746065597712
2021-02-04,1.9100858659100233e-05,0.9999808991413396
2021-02-05,1.2103593283493174e-05,0.9999878964067153
2021-02-08,8.554879548649682e-06,0.9999914451204502
2021-02-09,6.409920519423352e-06,0.9999935900794796
2021-02-10,5.710270829883436e-06,0.9999942897291692
2021-02-11,5.044084308767029e-06,0.9999949559156902
2021-02-12,4.731544744331659e-06,0.9999952684552548
2021-02-15,4.2266707933127965e-06,0.9999957733292059
2021-02-16,4.675114802881097e-06,0.9999953248851964
2021-02-17,5.139780714341537e-06,0.999994860219285
2021-02-18,5.583392016482651e-06,0.9999944166079827
2021-02-19,6.1616728753494364e-06,0.9999938383271239
2021-02-22,6.820028889346462e-06,0.9999931799711099
2021-02-23,6.148019325441395e-06,0.9999938519806738
2021-02-24,5.696355303413719e-06,0.9999943036446958
2021-02-25,7.747471215350621e-06,0.9999922525287838
2021-02-26,8.083775925298948e-06,0.9999919162240738
2021-03-01,7.17680591168687e-06,0.9999928231940872
2021-03-02,6.051388701581799e-06,0.9999939486112972
2021-03-03,6.557124758663747e-06,0.9999934428752401
2021-03-04,7.972642369248203e-06,0.9999920273576295
2021-03-05,7.638930035257399e-06,0.9999923610699636
2021-03-08,7.376921144144665e-06,0.9999926230788546
2021-03-09,6.0486348616618395e-06,0.9999939513651371
2021-03-10,4.911117276600199e-06,0.9999950888827221
2021-03-11,4.226693772460899e-06,0.9999957733062264
2021-03-12,3.757325816006395e-06,0.9999962426741829
2021-03-15,3.167912912378721e-06,0.9999968320870862
2021-03-16,3.3164969911054854e-06,0.9999966835030073
2021-03-17,5.11084860305519e-06,0.9999948891513956
2021-03-18,7.165047254484998e-06,0.999992834952744
2021-03-19,9.191864522884257e-06,0.9999908081354756
2021-03-22,1.6244201383878932e-05,0.9999837557986145
2021-03-23,3.049240623379547e-05,0.9999695075937646
2021-03-24,3.816413118238144e-05,0.999961835868816
2021-03-25,3.7660430571518776e-05,0.9999623395694267
2021-03-26,3.417960952257452e-05,0.9999658203904759
2021-03-29,3.254599885659563e-05,0.9999674540011418
2021-03-30,3.555246480809539e-05,0.9999644475351903
2021-03-31,4.115757977624294e-05,0.9999588424202223
2021-04-01,5.483652835384258e-05,0.9999451634716447
2021-04-02,7.238776049464405e-05,0.9999276122395039
2021-04-05,9.180507336157432e-05,0.9999081949266371
2021-04-06,0.00011806023255728798,0.9998819397674414
2021-04-07,0.00012815117928419658,0.9998718488207144
2021-04-08,0.0001328370389834455,0.9998671629610153
2021-04-09,0.00013479920994853816,0.9998652007900504
2021-04-12,0.0001189324578333379,0.9998810675421655
2021-04-13,8.769462861593646e-05,0.999912305371383
2021-04-14,6.569979834435141e-05,0.9999343002016544
2021-04-15,5.7585541313882734e-05,0.9999424144586848
2021-04-16,4.941381307749133e-05,0.9999505861869211
2021-04-19,5.2444461519523866e-05,0.999947555538479
2021-04-20,5.4345330623666895e-05,0.9999456546693748
2021-04-21,4.499128843301757e-05,0.9999550087115654
2021-04-22,2.7754083282823104e-05,0.9999722459167154
2021-04-23,1.782521094151244e-05,0.9999821747890566
2021-04-26,1.4359962894872546e-05,0.9999856400371032
2021-04-27,1.2364955263299607e-05,0.9999876350447346
2021-04-28,1.0205433658634443e-05,0.9999897945663394
2021-04-29,1.0839329327051848e-05,0.9999891606706711
2021-04-30,1.2699027850314213e-05,0.9999873009721479
2021-05-03,1.18586931111267e-05,0.9999881413068868
2021-05-04,1.0492478623710693e-05,0.9999895075213743
2021-05-05,9.598078156914697e-06,0.9999904019218411
2021-05-06,7.5852867916280225e-06,0.9999924147132063
2021-05-07,6.1738695953055775e-06,0.9999938261304026
2021-05-10,7.029332952012244e-06,0.9999929706670458
2021-05-11,7.150636544440455e-06,0.9999928493634533
2021-05-12,8.054825117171417e-06,0.9999919451748807
2021-05-13,6.727714504905957e-06,0.9999932722854928
2021-05-14,6.095282769715621e-06,0.999993904717228
2021-05-17,5.5837622914400035e-06,0.9999944162377064
2021-05-18,5.045919348354241e-06,0.9999949540806495
2021-05-19,5.0579915387811525e-06,0.9999949420084592
2021-05-20,4.742537885561149e-06,0.9999952574621125
2021-05-21,4.641764249187576e-06,0.9999953582357488
2021-05-24,4.3549956326126116e-06,0.9999956450043656
2021-05-25,4.357777599722306e-06,0.9999956422223983
2021-05-26,4.35639664651743e-06,0.9999956436033516
2021-05-27,4.197808671802893e-06,0.9999958021913264
2021-05-28,3.868962846584605e-06,0.9999961310371517
2021-05-31,4.147824496925114e-06,0.9999958521755012
2021-06-01,4.452396403732562e-06,0.9999955476035943
2021-06-02,3.7291953695469006e-06,0.9999962708046286
2021-06-03,3.6225464562875296e-06,0.9999963774535419
2021-06-04,3.115622939581474e-06,0.9999968843770587
2021-06-07,2.9124330243504266e-06,0.999997087566974
2021-06-08,2.3084043117073194e-06,0.9999976915956864
2021-06-09,2.2429549929410965e-06,0.9999977570450052
2021-06-10,1.8115698641655855e-06,0.9999981884301339
2021-06-11,1.8825941912492305e-06,0.9999981174058068
2021-06-14,2.048886428035339e-06,0.9999979511135699
2021-06-15,2.2129101887270043e-06,0.9999977870898092
2021-06-16,2.579114156909779e-06,0.9999974208858411
2021-06-17,2.377525332183422e-06,0.9999976224746658
2021-06-18,2.8974563634038988e-06,0.9999971025436345
2021-06-21,3.2929169383611135e-06,0.9999967070830593
2021-06-22,3.0446776393683553e-06,0.9999969553223583
2021-06-23,2.662970008682257e-06,0.9999973370299892
2021-06-24,2.2778484626980164e-06,0.9999977221515352
2021-06-25,2.176847456850779e-06,0.999997823152541
2021-06-28,2.273058291224429e-06,0.9999977269417066
2021-06-29,2.919940141348512e-06,0.9999970800598564
2021-06-30,3.5391332725911287e-06,0.9999964608667252
2021-07-01,4.029732576640937e-06,0.9999959702674212
2021-07-02,3.9967401971738165e-06,0.9999960032598006
2021-07-05,5.004083707902077e-06,0.9999949959162898
2021-07-06,7.725728801036752e-06,0.9999922742711967
2021-07-07,9.076536327117194e-06,0.9999909234636707
2021-07-08,9.295266604924947e-06,0.999990704733393
2021-07-09,8.393063767755439e-06,0.9999916069362302
2021-07-12,8.067319114639777e-06,0.9999919326808834
2021-07-13,7.5750224213876305e-06,0.9999924249775766
2021-07-14,7.061632482045896e-06,0.999992938367516
2021-07-15,7.442125660377922e-06,0.9999925578743374
2021-07-16,7.192527876009539e-06,0.9999928074721218
2021-07-19,8.513978630957234e-06,0.9999914860213669
2021-07-20,7.635504922486465e-06,0.9999923644950754
2021-07-21,6.134621999670379e-06,0.9999938653779981
2021-07-22,5.238430747748082e-06,0.99999476156925
2021-07-23,5.339985130463606e-06,0.9999946600148674
2021-07-26,5.0984759210772195e-06,0.9999949015240769
2021-07-27,5.013212841946358e-06,0.9999949867871558
2021-07-28,4.5018991411735725e-06,0.9999954981008568
2021-07-29,3.844604306894724e-06,0.9999961553956911
2021-07-30,3.5827366557600254e-06,0.9999964172633422
2021-08-02,3.3935249782035915e-06,0.9999966064750199
2021-08-03,3.3526414365993383e-06,0.9999966473585613
2021-08-04,3.5639225481020606e-06,0.9999964360774498
2021-08-05,3.538671742337841e-06,0.9999964613282556
2021-08-06,3.6536384354060073e-06,0.9999963463615623
2021-08-09,4.617412908965212e-06,0.9999953825870889
2021-08-10,5.241135731972213e-06,0.9999947588642658
2021-08-11,4.567545914923769e-06,0.9999954324540827
2021-08-12,4.5180677632959855e-06,0.9999954819322345
2021-08-13,4.089961006600811e-06,0.9999959100389915
2021-08-16,4.151469816155597e-06,0.9999958485301818
2021-08-17,4.694140191500026e-06,0.9999953058598063
2021-08-18,5.421435711450702e-06,0.9999945785642864
2021-08-19,6.566881057768634e-06,0.9999934331189401
2021-08-20,6.744118175562999e-06,0.9999932558818223
2021-08-23,6.110015851859878e-06,0.9999938899841461
2021-08-24,5.542052337106644e-06,0.999994457947661
2021-08-25,5.748061365043613e-06,0.9999942519386331
2021-08-26,6.051907999437518e-06,0.9999939480919987
2021-08-27,4.346070553763949e-06,0.9999956539294443
2021-08-30,4.339349597888113e-06,0.9999956606504001
2021-08-31,4.093731180028717e-06,0.9999959062688181
2021-09-01,3.47065799521671e-06,0.9999965293420029
2021-09-02,3.159633357808032e-06,0.9999968403666404
2021-09-03,3.071513963935602e-06,0.9999969284860342
2021-09-06,3.3557611141561652e-06,0.999996644238884
2021-09-07,3.83874657602004e-06,0.9999961612534222
2021-09-08,3.7562547927005605e-06,0.9999962437452053
2021-09-09,3.2928338900830935e-06,0.999996707166108
2021-09-10,3.4311145797154736e-06,0.9999965688854184
2021-09-13,2.9057388359605798e-06,0.9999970942611621
2021-09-14,3.123616881653778e-06,0.9999968763831165
2021-09-15,2.3847521454509345e-06,0.9999976152478527
2021-09-16,2.5688192739927156e-06,0.9999974311807244
2021-09-17,3.1183014457694256e-06,0.9999968816985525
2021-09-20,3.891660268491274e-06,0.99999610833973
2021-09-21,3.5035671412047947e-06,0.9999964964328573
2021-09-22,3.285111326588421e-06,0.9999967148886717
2021-09-23,2.9480868094151373e-06,0.999997051913189
2021-09-24,2.6140534678574053e-06,0.9999973859465304
2021-09-27,2.778348748875421e-06,0.9999972216512496
2021-09-28,2.893883643309203e-06,0.9999971061163553
2021-09-29,2.9958803690799894e-06,0.9999970041196296
2021-09-30,2.843341761670689e-06,0.9999971566582371
2021-10-01,2.708657850579862e-06,0.9999972913421481
2021-10-04,2.465457771724957e-06,0.9999975345422272
2021-10-05,2.301601067129555e-06,0.9999976983989318
2021-10-06,2.3169549557574742e-06,0.999997683045043
2021-10-07,1.8006443146644063e-06,0.9999981993556841
2021-10-08,1.7488031361261254e-06,0.9999982511968627
2021-10-11,1.7269013853166897e-06,0.9999982730986137
2021-10-12,1.7993172406130974e-06,0.9999982006827585
2021-10-13,1.8993202045822003e-06,0.9999981006797944
2021-10-14,1.4406337876864745e-06,0.9999985593662114
2021-10-15,1.1988460133621176e-06,0.9999988011539858
2021-10-18,1.3280551609528056e-06,0.9999986719448378
2021-10-19,1.1352603627397094e-06,0.9999988647396361
2021-10-20,1.1034675807258965e-06,0.999998896532418
2021-10-21,1.2108011028518692e-06,0.999998789198896
2021-10-22,8.486630089889605e-07,0.9999991513369899
2021-10-25,6.911674197943621e-07,0.999999308832579
2021-10-26,6.030623398884449e-07,0.999999396937659
2021-10-27,9.504219753856724e-07,0.9999990495780235
2021-10-28,8.541425801051026e-07,0.9999991458574188
2021-10-29,1.1421965820624144e-06,0.9999988578034169
2021-11-01,1.4993116512983498e-06,0.9999985006883477
2021-11-02,1.5409740119292468e-06,0.9999984590259869
2021-11-03,1.7253401153201562e-06,0.9999982746598834
2021-11-04,1.3118831938168079e-06,0.9999986881168048
2021-11-05,1.266343812112987e-06,0.9999987336561865
2021-11-08,1.3182340971632047e-06,0.9999986817659015
2021-11-09,1.1056196876559703e-06,0.9999988943803109
2021-11-10,1.3633907785594298e-06,0.9999986366092201
2021-11-11,1.6608018108346807e-06,0.9999983391981879
2021-11-12,2.7669341924074915e-06,0.9999972330658062
2021-11-15,2.6459531756436635e-06,0.999997354046823
2021-11-16,3.167765760371743e-06,0.9999968322342382
2021-11-17,2.8858641476237363e-06,0.999997114135851
2021-11-18,3.6764504782023265e-06,0.9999963235495206
2021-11-19,5.175752138489371e-06,0.9999948242478603
2021-11-22,8.734784996716147e-06,0.999991265215002
2021-11-23,8.716135465448677e-06,0.9999912838645333
2021-11-24,1.0651200993046207e-05,0.9999893487990058
2021-11-25,1.0938121578456945e-05,0.9999890618784206
2021-11-26,1.2655378787392853e-05,0.9999873446212116
2021-11-29,9.141387877904474e-06,0.9999908586121209
2021-11-30,6.816943404097232e-06,0.9999931830565947
2021-12-01,6.127223662555587e-06,0.9999938727763362
2021-12-02,5.37329846176927e-06,0.999994626701537
2021-12-03,5.919504081729424e-06,0.999994080495917
2021-12-06,6.498201280454075e-06,0.9999935017987184
2021-12-07,6.19278035416951e-06,0.9999938072196448
2021-12-08,4.987527442775761e-06,0.9999950124725563
2021-12-09,4.801392644100256e-06,0.999995198607355
2021-12-10,4.433566777085897e-06,0.9999955664332221
2021-12-13,4.526472965624839e-06,0.9999954735270337
2021-12-14,5.020964885605673e-06,0.9999949790351136
2021-12-15,4.872086318091008e-06,0.9999951279136813
2021-12-16,5.488305678268482e-06,0.9999945116943211
2021-12-17,6.373231886467877e-06,0.9999936267681129
2021-12-20,6.629072550373723e-06,0.9999933709274488
2021-12-21,5.925818208613596e-06,0.9999940741817906
2021-12-22,5.02882832502752e-06,0.9999949711716744
2021-12-23,4.498098563109182e-06,0.9999955019014363
2021-12-24,4.675191808312839e-06,0.9999953248081913
2021-12-27,4.442187572559457e-06,0.9999955578124269
2021-12-28,4.959321553789498e-06,0.9999950406784457
2021-12-29,6.240451458350492e-06,0.9999937595485412
2021-12-30,8.369056571327518e-06,0.9999916309434281
2021-12-31,1.062309837307434e-05,0.9999893769016265
2022-01-03,1.2951577821884495e-05,0.9999870484221777
2022-01-04,2.0345661448279364e-05,0.9999796543385512
2022-01-05,3.211281286628516e-05,0.9999678871871333
2022-01-06,3.2077424546561214e-05,0.9999679225754531
2022-01-07,2.6571703900845187e-05,0.9999734282960987
2022-01-10,2.181897673161192e-05,0.9999781810232679
2022-01-11,2.425351832041991e-05,0.9999757464816791
2022-01-12,4.538592481275916e-05,0.9999546140751867
2022-01-13,0.00011014419362993878,0.9998898558063695
2022-01-14,0.0001917831001435349,0.9998082168998559
2022-01-17,0.0003168074991916422,0.9996831925008077
2022-01-18,0.0005065349553672008,0.9994934650446321
2022-01-19,0.0007237898128223854,0.9992762101871768
2022-01-20,0.0010905117797823066,0.9989094882202167
2022-01-21,0.0016975523687283614,0.9983024476312707
2022-01-24,0.0022868797827384586,0.9977131202172607
2022-01-25,0.002626692862165336,0.997373307137834
2022-01-26,0.002787092640176423,0.9972129073598229
2022-01-27,0.002736842399252491,0.9972631576007468
2022-01-28,0.0026209743023850114,0.9973790256976142
2022-01-31,0.0024071364612939143,0.9975928635387052
2022-02-01,0.002209614148584193,0.9977903858514149
2022-02-02,0.0020789228930879118,0.9979210771069112
2022-02-03,0.0020801783833596797,0.9979198216166395
2022-02-04,0.0022080951204735528,0.9977919048795254
2022-02-07,0.0025771492244030135,0.997422850775596
2022-02-08,0.003461220450839744,0.9965387795491593
2022-02-09,0.005706442855692965,0.9942935571443062
2022-02-10,0.011795487712337691,0.9882045122876615
2022-02-11,0.027013176400125904,0.9729868235998733
2022-02-14,0.04719592808312088,0.9528040719168781
2022-02-15,0.07681204604116999,0.923187953958829
2022-02-16,0.13999060440801714,0.8600093955919819
2022-02-17,0.2899323310018681,0.7100676689981309
2022-02-18,0.5298225229031258,0.47017747709687324
2022-02-21,0.7923174441571093,0.20768255584288994
2022-02-22,0.9024044568666298,0.09759554313336945
2022-02-23,0.9756986442312633,0.024301355768736193
2022-02-24,0.9970735860941657,0.002926413905833499
2022-02-25,0.9996405655755076,0.0003594344244916906
2022-02-28,0.9999997835012734,2.1649872569256052e-07
2022-03-01,0.999999994688903,5.3110960600862206e-09
2022-03-02,0.9999999825385677,1.7461431286665478e-08
2022-03-03,0.999999995223882,4.776116876608534e-09
2022-03-04,0.9999999911912559,8.808742844483868e-09
2022-03-07,0.9999999999358129,6.418610404199124e-11
2022-03-08,0.9999999996326074,3.67391503576343e-10
2022-03-09,0.9999999998729169,1.270818714475621e-10
2022-03-10,0.9999999998216703,1.7832843866600505e-10
2022-03-11,0.9999999998316248,1.6837383078760926e-10
2022-03-14,0.9999999992393963,7.606023715064185e-10
2022-03-15,0.9999999911653081,8.834690648991656e-09
2022-03-16,0.9999999619983808,3.8001617830903864e-08
2022-03-17,0.9999999821561489,1.784384975436871e-08
2022-03-18,0.9999999911747454,8.82525336858904e-09
2022-03-21,0.9999999914307707,8.56922808069902e-09
2022-03-22,0.9999999903829156,9.617083204305744e-09
2022-03-23,0.9999999384153084,6.15846903572253e-08
2022-03-24,0.9999999802585599,1.9741438961155862e-08
2022-03-25,0.9999999858828398,1.4117159014872836e-08
2022-03-28,0.9999999036566807,9.634331827744414e-08
2022-03-29,0.9999992994131962,7.005868026271599e-07
2022-03-30,0.9999975906037396,2.409396259236536e-06
2022-03-31,0.9999961651734091,3.834826589958919e-06
2022-04-01,0.9999985887573632,1.4112426358143903e-06
2022-04-04,0.9999980073113646,1.9926886345887176e-06
2022-04-05,0.9999977594597053,2.2405402938551784e-06
2022-04-06,0.9999952125224464,4.787477552755055e-06
2022-04-07,0.999989379902931,1.0620097068154899e-05
2022-04-08,0.9999904744934203,9.525506578830026e-06
2022-04-11,0.9999956323707871,4.3676292120296885e-06
2022-04-12,0.9999932894820596,6.710517939560437e-06
2022-04-13,0.9999470810473517,5.291895264750504e-05
2022-04-14,0.9997335230520027,0.00026647694799660697
2022-04-15,0.9986725132542684,0.0013274867457305853
2022-04-18,0.9957179709327822,0.004282029067216751
2022-04-19,0.9864425006331888,0.013557499366810371
2022-04-20,0.9605403476341914,0.03945965236580777
2022-04-21,0.845469036919297,0.15453096308070233
2022-04-22,0.5113130528089667,0.48868694719103245
2022-04-25,0.203411935990008,0.7965880640099912
2022-04-26,0.07990611965138857,0.9200938803486105
2022-04-27,0.018312701142413852,0.9816872988575854
2022-04-28,0.0029047805408118433,0.9970952194591872
2022-04-29,0.0002785718296870819,0.9997214281703121
2022-05-02,2.0668502070715978e-05,0.9999793314979284
2022-05-03,8.471275546060122e-07,0.9999991528724445
2022-05-04,1.2514624057792033e-07,0.9999998748537586
2022-05-05,7.109172048906724e-08,0.9999999289082789
2022-05-06,4.5056252971417985e-07,0.9999995494374698
2022-05-09,7.108109266107318e-07,0.999999289189073
2022-05-10,7.316185669545445e-07,0.9999992683814327
2022-05-11,1.6579126226306565e-07,0.9999998342087375
2022-05-12,6.156461383050937e-08,0.9999999384353858
2022-05-13,1.3945735836447116e-07,0.9999998605426412
2022-05-16,5.747383130706559e-08,0.9999999425261682
2022-05-17,8.20992535040839e-08,0.9999999179007459
2022-05-18,6.047946864416537e-08,0.9999999395205307
2022-05-19,1.5791672634371173e-08,0.9999999842083267
2022-05-20,1.4714209841453267e-08,0.9999999852857896
2022-05-23,2.121823572297668e-09,0.9999999978781758
2022-05-24,1.4986127419318835e-09,0.9999999985013868
2022-05-25,5.9708868603996675e-09,0.9999999940291124
2022-05-26,5.8521278827791404e-08,0.9999999414787206
2022-05-27,1.392359091023459e-07,0.9999998607640904
2022-05-30,4.193339359446342e-08,0.9999999580666058
2022-05-31,2.19770968008581e-08,0.9999999780229026
2022-06-01,3.227026966635413e-08,0.9999999677297299
2022-06-02,3.030628265259683e-08,0.9999999696937169
2022-06-03,3.000662351875725e-08,0.9999999699933759
2022-06-06,1.2058170925898386e-08,0.9999999879418286
2022-06-07,1.2876372839114443e-08,0.9999999871236268
2022-06-08,6.469598132650985e-09,0.9999999935304015
2022-06-09,1.2847221700537597e-09,0.9999999987152776
2022-06-10,1.743681862095893e-09,0.9999999982563179
2022-06-13,1.1077254993424972e-09,0.9999999988922742
2022-06-14,2.025495954431663e-09,0.9999999979745037
2022-06-15,3.0378956866053055e-10,0.99999999969621
2022-06-16,1.018073723226925e-09,0.9999999989819259
2022-06-17,1.1006883803454766e-09,0.9999999988993115
2022-06-20,3.037408977959825e-10,0.9999999996962589
2022-06-21,9.959343891862779e-11,0.9999999999004063
2022-06-22,1.8289159505025807e-10,0.9999999998171084
2022-06-23,1.539163946904148e-10,0.9999999998460836
2022-06-24,1.2508631278309178e-10,0.9999999998749136
2022-06-27,5.803339587561866e-11,0.9999999999419665
2022-06-28,9.098648257927176e-11,0.9999999999090133
2022-06-29,3.663692295841571e-11,0.9999999999633629
2022-06-30,2.1687464625555474e-10,0.9999999997831251
2022-07-01,1.0856553845298591e-10,0.9999999998914342
2022-07-04,4.2341441800249063e-10,0.9999999995765851
2022-07-05,1.9201428164850252e-08,0.9999999807985714
2022-07-06,3.225069052852829e-08,0.999999967749309
2022-07-07,2.6065840775433274e-08,0.9999999739341587
2022-07-08,6.796076842436667e-08,0.9999999320392309
2022-07-11,1.9263306233468343e-08,0.9999999807366933
2022-07-12,1.9393692448563414e-09,0.9999999980606302
2022-07-13,1.996988189545739e-09,0.9999999980030113
2022-07-14,1.7689894650735104e-09,0.9999999982310099
2022-07-15,8.040197512328238e-10,0.9999999991959798
2022-07-18,8.039370020827238e-10,0.9999999991960627
2022-07-19,5.847626714376477e-10,0.9999999994152371
2022-07-20,2.1689809147721945e-10,0.9999999997831015
2022-07-21,8.039680463746665e-10,0.9999999991960314
2022-07-22,1.616170978116454e-09,0.9999999983838286
2022-07-25,2.026453156527484e-09,0.9999999979735464
2022-07-26,5.232305209949153e-09,0.9999999947676944
2022-07-27,3.403795305461305e-09,0.9999999965962042
2022-07-28,1.4717193737290148e-08,0.9999999852828058
2022-07-29,1.6846940631207582e-08,0.9999999831530588
2022-08-01,2.4904437303895416e-08,0.9999999750955622
2022-08-02,7.452356417688216e-09,0.9999999925476429
2022-08-03,9.799210207086769e-09,0.9999999902007893
2022-08-04,1.1242261993909141e-08,0.9999999887577373
2022-08-05,6.569436430557967e-09,0.9999999934305629
2022-08-08,1.3744246466042394e-08,0.9999999862557528
2022-08-09,6.383701467946996e-09,0.9999999936162979
2022-08-10,1.2027307853227244e-08,0.9999999879726914
2022-08-11,6.94627422293937e-09,0.9999999930537251
2022-08-12,1.681568386621e-08,0.9999999831843153
2022-08-15,1.1253670827670744e-08,0.9999999887463283
2022-08-16,1.1243584528625471e-08,0.9999999887564145
2022-08-17,6.470696972344578e-09,0.9999999935293022
2022-08-18,4.8714393746866575e-09,0.9999999951285596
2022-08-19,3.654307392791203e-09,0.9999999963456917
2022-08-22,5.234049346906652e-09,0.9999999947659497
2022-08-23,5.612718911411382e-09,0.9999999943872802
2022-08-24,4.4147730396455704e-09,0.9999999955852262
2022-08-25,6.031242565009827e-09,0.9999999939687566
2022-08-26,5.781056918448719e-09,0.9999999942189421
2022-08-29,1.2867581814687385e-08,0.9999999871324174
2022-08-30,4.876219445273204e-09,0.9999999951237799
2022-08-31,8.551869928916793e-09,0.9999999914481295
2022-09-01,6.617447649557493e-09,0.9999999933825517
2022-09-02,5.698051967065553e-09,0.9999999943019473
2022-09-05,1.1265933450299238e-08,0.999999988734066
2022-09-06,1.1246348618928513e-08,0.9999999887536507
2022-09-07,9.29065318130615e-09,0.9999999907093462
2022-09-08,8.558582466044376e-09,0.9999999914414169
2022-09-09,1.1241411523889949e-08,0.9999999887585879
2022-09-12,6.938215473331615e-09,0.9999999930617839
2022-09-13,4.228246746924333e-09,0.9999999957717526
2022-09-14,4.166839464669813e-09,0.9999999958331598
2022-09-15,3.934863442621483e-09,0.9999999960651359
2022-09-16,6.466714254989754e-09,0.999999993533285
2022-09-19,5.0891834608441714e-09,0.9999999949108157
2022-09-20,1.0633840967267325e-08,0.9999999893661581
2022-09-21,9.02296363989509e-09,0.9999999909770354
2022-09-22,3.5508417767127394e-09,0.999999996449157
2022-09-23,1.3858180415268876e-09,0.9999999986141809
2022-09-26,2.0259440319706185e-09,0.9999999979740548
2022-09-27,2.5708522974962314e-09,0.9999999974291467
2022-09-28,1.9644444568740637e-09,0.9999999980355544
2022-09-29,1.1012724345061679e-09,0.9999999988987265
2022-09-30,5.461536311944319e-09,0.9999999945384626
2022-10-03,1.5203277251582096e-09,0.9999999984796714
2022-10-04,2.7692946409638135e-09,0.9999999972307043
2022-10-05,7.4359708678397135e-09,0.999999992564028
2022-10-06,6.5695650197616275e-09,0.9999999934304338
2022-10-07,1.7778249901275255e-08,0.9999999822217491
2022-10-10,3.7891001563558676e-08,0.9999999621089974
2022-10-11,8.681015332707667e-08,0.9999999131898457
2022-10-12,3.6412073473787696e-08,0.9999999635879253
2022-10-13,3.228397934545605e-08,0.9999999677160196
2022-10-14,2.0786280866755906e-08,0.9999999792137181
2022-10-17,1.513082085654724e-08,0.9999999848691781
2022-10-18,1.1255421674655369e-08,0.9999999887445774
2022-10-19,1.4721278513823468e-08,0.9999999852787205
2022-10-20,1.2190766036986195e-08,0.999999987809233
2022-10-21,1.2190766030156416e-08,0.9999999878092329
2022-10-24,1.472127204748985e-08,0.999999985278727
2022-10-25,1.1250357574712248e-08,0.9999999887496415
2022-10-26,9.943470312535728e-09,0.999999990056529
2022-10-27,1.0212368226528004e-08,0.9999999897876307
2022-10-28,1.1390486446649146e-08,0.9999999886095126
2022-10-31,1.512063337307156e-08,0.9999999848793655
2022-11-01,1.2882137000089716e-08,0.999999987117862
2022-11-02,8.566083085164071e-09,0.9999999914339158
2022-11-03,1.7745699079199144e-08,0.9999999822543
2022-11-04,1.473001492503513e-08,0.999999985269984
2022-11-07,1.2542236919908864e-08,0.999999987457762
2022-11-08,8.436855449107772e-09,0.9999999915631433
2022-11-09,8.556165452618165e-09,0.9999999914438334
2022-11-10,8.841047790543504e-09,0.9999999911589512
2022-11-11,7.550184178083382e-09,0.9999999924498147
2022-11-14,1.0503547410881242e-08,0.9999999894964515
2022-11-15,6.471810409724246e-09,0.9999999935281886
2022-11-16,7.592556940767825e-09,0.999999992407442
2022-11-17,6.3779882434287975e-09,0.9999999936220106
2022-11-18,7.864550790952952e-09,0.9999999921354482
2022-11-21,9.796036660116157e-09,0.9999999902039626
2022-11-22,7.097939531423917e-09,0.9999999929020599
2022-11-23,7.655339513066304e-09,0.9999999923446597
2022-11-24,5.996249693043361e-09,0.9999999940037496
2022-11-25,6.47264008819485e-09,0.9999999935273592
2022-11-28,1.3577528507328292e-08,0.9999999864224708
2022-11-29,7.822120237344537e-09,0.999999992177879
2022-11-30,1.1243318893465694e-08,0.9999999887566803
2022-12-01,9.6295826944382e-09,0.9999999903704166
2022-12-02,1.919638651780296e-08,0.9999999808036127
2022-12-05,1.999514545569685e-08,0.9999999800048537
2022-12-06,3.065548264289183e-08,0.9999999693445163
2022-12-07,3.2295472155570006e-08,0.9999999677045269
2022-12-08,3.065389202226741e-08,0.9999999693461071
2022-12-09,1.9395660376433242e-08,0.9999999806043389
2022-12-12,2.336722144461021e-08,0.9999999766327778
2022-12-13,2.7968401101962866e-08,0.9999999720315983
2022-12-14,6.041628983290301e-08,0.9999999395837096
2022-12-15,5.771392054002257e-08,0.9999999422860788
2022-12-16,6.613126657686813e-08,0.9999999338687329
2022-12-19,3.665582758252095e-07,0.9999996334417236
2022-12-20,8.535403920889107e-07,0.9999991464596073
2022-12-21,1.8909401802199158e-06,0.9999981090598191
2022-12-22,3.6786999095051993e-07,0.9999996321300085
2022-12-23,4.7331586376306083e-07,0.9999995266841357
2022-12-26,3.569352429144418e-07,0.9999996430647566
2022-12-27,8.183961421225621e-07,0.9999991816038573
2022-12-28,2.79839465924256e-06,0.9999972016053402
2022-12-29,4.749177247573031e-06,0.9999952508227519
2022-12-30,4.189085725757647e-06,0.9999958109142737
2023-01-02,1.5284598360752087e-06,0.9999984715401634
2023-01-03,2.2442483991330904e-06,0.9999977557516005
2023-01-04,2.7084476957944725e-06,0.999997291552304
2023-01-05,2.6057877784477772e-06,0.9999973942122213
2023-01-06,2.247268085327647e-06,0.9999977527319145
2023-01-09,7.776870882368169e-07,0.9999992223129115
2023-01-10,6.264052856675694e-07,0.9999993735947139
2023-01-11,4.86384093163942e-07,0.9999995136159064
2023-01-12,2.606325039034028e-07,0.9999997393674956
2023-01-13,1.1549724220382828e-07,0.9999998845027572
2023-01-16,3.967542350419448e-07,0.9999996032457643
2023-01-17,4.080247384485476e-07,0.999999591975261
2023-01-18,4.937820041425436e-07,0.9999995062179953
2023-01-19,5.373148167544009e-07,0.9999994626851827
2023-01-20,3.30985619875852e-07,0.9999996690143795
2023-01-23,4.5089570402211934e-07,0.9999995491042953
2023-01-24,5.546230533615873e-07,0.9999994453769461
2023-01-25,5.138428096359241e-07,0.9999994861571898
2023-01-26,6.33280343638373e-07,0.999999366719656
2023-01-27,9.708866894792533e-07,0.9999990291133101
2023-01-30,7.011056806496355e-07,0.9999992988943188
2023-01-31,4.837901293803966e-07,0.99999951620987
2023-02-01,6.814886086408216e-07,0.9999993185113908
2023-02-02,7.605696674592893e-07,0.9999992394303318
2023-02-03,1.0075915369476186e-06,0.9999989924084622
2023-02-06,1.487030303527279e-06,0.9999985129696957
2023-02-07,1.8843668996842404e-06,0.9999981156330994
2023-02-08,3.39070676160131e-06,0.9999966092932375
2023-02-09,3.6880114171348497e-06,0.999996311988582
2023-02-10,5.033364717850893e-06,0.9999949666352812
2023-02-13,5.837012538638781e-06,0.9999941629874606
2023-02-14,5.567662962382768e-06,0.9999944323370369
2023-02-15,7.4707546047826735e-06,0.9999925292453945
2023-02-16,7.97965209765165e-06,0.9999920203479017
2023-02-17,6.036263808265351e-06,0.9999939637361909
2023-02-20,6.900246225799581e-06,0.9999930997537733
2023-02-21,1.1688442326924189e-05,0.9999883115576721
2023-02-22,1.6705145278715907e-05,0.9999832948547202
2023-02-23,2.064807668686668e-05,0.9999793519233119
2023-02-24,2.2408955016688377e-05,0.9999775910449822
2023-02-27,1.9258544516506487e-05,0.9999807414554822
2023-02-28,2.240388425921575e-05,0.9999775961157394
2023-03-01,3.310583291745356e-05,0.9999668941670812
2023-03-02,5.6508966716866885e-05,0.9999434910332817
2023-03-03,0.00010277510446123795,0.9998972248955371
2023-03-06,0.00020327497126412054,0.9997967250287342
2023-03-07,0.0004065274657362845,0.9995934725342621
2023-03-08,0.00078285679806337,0.999217143201935
2023-03-09,0.001426344845880798,0.9985736551541178
2023-03-10,0.002617417602869516,0.9973825823971288
2023-03-13,0.004557830857408605,0.9954421691425899
2023-03-14,0.008561372839812877,0.9914386271601855
2023-03-15,0.016236052915090823,0.9837639470849076
2023-03-16,0.027307203956065756,0.9726927960439326
2023-03-17,0.03860694623590906,0.9613930537640895
2023-03-20,0.05275908276443964,0.9472409172355587
2023-03-21,0.07269758641178603,0.9273024135882123
2023-03-22,0.0952783938387741,0.9047216061612243
2023-03-23,0.12271113208036616,0.8772888679196321
2023-03-24,0.17087828514989492,0.8291217148501033
2023-03-27,0.22489004827289752,0.7751099517271007
2023-03-28,0.3033647737903191,0.6966352262096791
2023-03-29,0.4164431189409852,0.5835568810590132
2023-03-30,0.5435242543456025,0.45647574565439575
2023-03-31,0.6863476516911537,0.31365234830884425
2023-04-03,0.811803772417268,0.18819622758272994
2023-04-04,0.9104411501073271,0.08955884989267077
2023-04-05,0.9666209286249183,0.03337907137507943
2023-04-06,0.990575898579779,0.009424101420218912
2023-04-07,0.9971026138335685,0.0028973861664295117
2023-04-10,0.9991952115162246,0.0008047884837734023
2023-04-11,0.9997591052493231,0.00024089475067488975
2023-04-12,0.999941637734477,5.836226552095499e-05
2023-04-13,0.9999813870797277,1.8612920270341255e-05
2023-04-14,0.9999922805930079,7.719406990090597e-06
2023-04-17,0.9999941572534442,5.842746553745489e-06
2023-04-18,0.9999944509935397,5.549006458182248e-06
2023-04-19,0.999994230049183,5.769950814965151e-06
2023-04-20,0.9999938540544218,6.145945576118378e-06
2023-04-21,0.9999935052641641,6.494735833676057e-06
2023-04-24,0.99999318344025,6.816559747864662e-06
2023-04-25,0.9999923200725551,7.679927442790215e-06
2023-04-26,0.9999935917033226,6.4082966752365196e-06
2023-04-27,0.999990619761221,9.380238776864881e-06
2023-04-28,0.9999810328236572,1.8967176340691442e-05
2023-05-01,0.9999695360472535,3.0463952744474578e-05
2023-05-02,0.9999364333355591,6.356666443886754e-05
2023-05-03,0.9998649983960701,0.0001350016039278242
2023-05-04,0.9997938497976713,0.00020615020232671435
2023-05-05,0.9997084831853336,0.00029151681466457703
2023-05-08,0.9996365798329838,0.000363420167014301
2023-05-09,0.9995823029625232,0.00041769703747507336
2023-05-10,0.9995467784309904,0.0004532215690079062
2023-05-11,0.9996110098598041,0.00038899014019415904
2023-05-12,0.9997326274834641,0.0002673725165342114
2023-05-15,0.9998733053131184,0.00012669468688017565
2023-05-16,0.9999450032931879,5.49967068103182e-05
2023-05-17,0.9999693297226192,3.067027737920457e-05
2023-05-18,0.9999794400034293,2.055999656904091e-05
2023-05-19,0.999982814697539,1.7185302459448626e-05
2023-05-22,0.9999853232136803,1.4676786318049584e-05
2023-05-23,0.9999852177272244,1.4782272773754312e-05
2023-05-24,0.9999855556463187,1.4444353679316351e-05
2023-05-25,0.9999825290651873,1.7470934810929552e-05
2023-05-26,0.9999791811100661,2.0818889932206723e-05
2023-05-29,0.9999843298897154,1.567011028273587e-05
2023-05-30,0.9999851018328971,1.4898167101266305e-05
2023-05-31,0.9999907793476701,9.220652328313985e-06
2023-06-01,0.9999911176321556,8.88236784273623e-06
2023-06-02,0.999990966866763,9.033133235481748e-06
2023-06-05,0.9999915691648475,8.430835150914578e-06
2023-06-06,0.9999936420554381,6.357944560591429e-06
2023-06-07,0.9999948525567492,5.147443249388834e-06
2023-06-08,0.9999954026124279,4.597387570668732e-06
2023-06-09,0.9999965537181066,3.4462818919651877e-06
2023-06-12,0.999997701128954,2.298871044756308e-06
2023-06-13,0.9999980381045771,1.9618954214965278e-06
2023-06-14,0.9999979131387646,2.086861234226687e-06
2023-06-15,0.9999975988431812,2.4011568176261966e-06
2023-06-16,0.9999978174288452,2.1825711535771208e-06
2023-06-19,0.9999978920296719,2.1079703268570903e-06
2023-06-20,0.9999983122672507,1.6877327482024518e-06
2023-06-21,0.9999978101845349,2.1898154639426613e-06
2023-06-22,0.9999949207414084,5.079258590584137e-06
2023-06-23,0.9999973415751379,2.6584248613283673e-06
2023-06-26,0.9999981965975806,1.8034024187158416e-06
2023-06-27,0.9999987507578783,1.2492421208900427e-06
2023-06-28,0.9999989490116089,1.050988390193539e-06
2023-06-29,0.9999992247464251,7.752535739298934e-07
2023-06-30,0.9999995523134191,4.4768658000928723e-07
2023-07-03,0.9999996370122094,3.6298778973960796e-07
2023-07-04,0.9999997520807344,2.4791926480808107e-07
2023-07-05,0.9999997160276423,2.8397235680908983e-07
2023-07-06,0.9999997694543276,2.3054567173367395e-07
2023-07-07,0.9999997707544012,2.2924559818133079e-07
2023-07-10,0.999999760548467,2.3945153221759397e-07
2023-07-11,0.9999997043439376,2.9565606172257685e-07
2023-07-12,0.9999997200777417,2.7992225751754064e-07
2023-07-13,0.9999996936255703,3.0637442890753347e-07
2023-07-14,0.9999997020614736,2.9793852579985954e-07
2023-07-17,0.9999996941130223,3.058869771040354e-07
2023-07-18,0.999999739312868,2.6068713129197047e-07
2023-07-19,0.9999997952488145,2.0475118490478896e-07
2023-07-20,0.9999997678280642,2.321719352218379e-07
2023-07-21,0.9999997548110356,2.451889638922602e-07
2023-07-24,0.9999997186134717,2.8138652774329074e-07
2023-07-25,0.9999997286754259,2.7132457330379577e-07
2023-07-26,0.9999996845224717,3.1547752774100755e-07
2023-07-27,0.9999997362344307,2.637655686616429e-07
2023-07-28,0.9999998115666393,1.8843336016334955e-07
2023-07-31,0.9999997824491097,2.1755088995031007e-07
2023-08-01,0.9999998290208412,1.7097915851158284e-07
2023-08-02,0.9999998911868977,1.0881310196503573e-07
2023-08-03,0.9999998965741285,1.0342587118348148e-07
2023-08-04,0.9999999243087064,7.569129331689001e-08
2023-08-07,0.9999999201809562,7.981904356349733e-08
2023-08-08,0.9999999436600674,5.6339932436326165e-08
2023-08-09,0.9999999396146957,6.038530398970607e-08
2023-08-10,0.9999999454853905,5.4514609245882316e-08
2023-08-11,0.9999999688209524,3.1179047180516964e-08
2023-08-14,0.9999999415339201,5.846607954925818e-08
2023-08-15,0.9999999615537533,3.8446246601285764e-08
2023-08-16,0.9999998969487472,1.0305125256572791e-07
2023-08-17,0.9999998962867048,1.0371329494629909e-07
2023-08-18,0.9999998860786448,1.1392135488667244e-07
2023-08-21,0.9999998692600786,1.3073992099664265e-07
2023-08-22,0.9999999018304854,9.816951418114106e-08
2023-08-23,0.9999998838577799,1.1614221960933764e-07
2023-08-24,0.9999999021519408,9.78480588574679e-08
2023-08-25,0.9999999076756807,9.232431877184853e-08
2023-08-28,0.9999998966494353,1.0335056415322174e-07
2023-08-29,0.9999999163609878,8.363901173446293e-08
2023-08-30,0.9999999289779182,7.10220813261114e-08
2023-08-31,0.999999924601281,7.539871855798634e-08
2023-09-01,0.9999999329417197,6.705827984932034e-08
2023-09-04,0.9999999395337562,6.046624344698039e-08
2023-09-05,0.9999999406340656,5.9365934066263536e-08
2023-09-06,0.9999999565579188,4.3442080790735404e-08
2023-09-07,0.9999999575654349,4.243456454606923e-08
2023-09-08,0.9999999518296354,4.817036420923969e-08
2023-09-11,0.9999999092387203,9.07612793369876e-08
2023-09-12,0.9999999264526002,7.354739940457275e-08
2023-09-13,0.999999931321036,6.867896363753499e-08
2023-09-14,0.9999999226136632,7.738633654227598e-08
2023-09-15,0.9999999384326352,6.156736469338056e-08
2023-09-18,0.9999999321155139,6.788448611875674e-08
2023-09-19,0.9999999265695317,7.34304681216203e-08
2023-09-20,0.9999999269932904,7.300670956897047e-08
2023-09-21,0.999999928204025,7.17959751466162e-08
2023-09-22,0.9999999312355075,6.876449263336177e-08
2023-09-25,0.9999999063521916,9.364780852578719e-08
2023-09-26,0.9999999411209266,5.887907354675618e-08
2023-09-27,0.9999999422250156,5.777498465262589e-08
2023-09-28,0.9999999365961204,6.340387970506532e-08
2023-09-29,0.9999999527365928,4.726340726842181e-08
2023-10-02,0.9999999602085153,3.979148490697207e-08
2023-10-03,0.9999999632442267,3.675577374715381e-08
2023-10-04,0.9999999711575261,2.8842474203735687e-08
2023-10-05,0.9999999697962075,3.020379286112062e-08
2023-10-06,0.9999999747185612,2.5281439142614624e-08
2023-10-09,0.9999999674111482,3.258885212569304e-08
2023-10-10,0.9999999708506822,2.9149317977127345e-08
2023-10-11,0.9999999619817652,3.801823488909192e-08
2023-10-12,0.9999999499006355,5.0099364570161456e-08
2023-10-13,0.9999999496287338,5.037126615636721e-08
2023-10-16,0.9999999465635329,5.3436467283086136e-08
2023-10-17,0.9999999523463474,4.76536527795145e-08
2023-10-18,0.9999997822081687,2.1779183154310947e-07
2023-10-19,0.9999568500847937,4.314991520650495e-05
